time [s],scheduler_total_time,model_forward_total_time,gpu_cache_usage_perc,num_requests_running,num_requests_waiting,num_preemptions_total,request_success_total,prompt_tokens_total,generation_tokens_total
0.13899625139310956,0,0,0,0,0,0,0,0,0
1.2621159520931542,0.0005540451966226101,0.11786240851506591,0.006033182503770718,1.0,0.0,0.0,0,250.0,5.0
2.262199117336422,0.0031022909097373486,1.1219695513136685,0.007541478129713397,1.0,0.0,0.0,0,250.0,56.0
3.2622493212111294,0.005733662750571966,2.12715860363096,0.008672699849170407,1.0,0.0,0.0,0,250.0,107.0
4.2623229790478945,0.008224564138799906,3.1141056586056948,0.009803921568627416,1.0,0.0,0.0,0,250.0,157.0
5.262381235137582,0.010693074204027653,4.101771616376936,0.010935143288084426,1.0,0.0,0.0,0,250.0,207.0
6.262448215391487,0.013316619209945202,5.110909081529826,0.012066365007541435,1.0,0.0,0.0,0,250.0,258.0
7.262498070020229,0.015771969687193632,6.101237535476685,0.013197586726998445,1.0,0.0,0.0,0,250.0,308.0
8.262545717414469,0.018234435003250837,7.092754588928074,0.014328808446455454,1.0,0.0,0.0,0,250.0,358.0
9.262599175330251,0.020701974630355835,8.085706835146993,0.015837104072398245,1.0,0.0,0.0,0,250.0,408.0
10.26265444420278,0.02327028661966324,9.100091690663248,0.016968325791855254,1.0,0.0,0.0,0,250.0,459.0
11.262703779153526,0.0258471816778183,10.096043004654348,0.018099547511312264,1.0,0.0,0.0,0,250.0,509.0
12.262782408390194,0.02734147384762764,10.436492897104472,0.05429864253393668,9.0,205.0,0.0,1.0,1780.0,532.0
13.262835273053497,0.047070073429495096,11.808850529137999,0.4871794871794872,75.0,1883.0,0.0,1.0,18347.0,1951.0
14.262904059141874,0.06051519839093089,12.504675424657762,0.6693061840120664,100.0,1900.0,0.0,1.0,24767.0,3237.0
15.262972543016076,0.07621713727712631,13.264361607842147,0.8548265460030166,124.0,1876.0,0.0,1.0,30812.0,4896.0
16.263027106411755,0.09893132513388991,14.238814932759851,0.9935897435897436,137.0,1863.0,2.0,1.0,35250.0,7452.0
17.26307645905763,0.12305788462981582,15.248746515717357,0.997737556561086,127.0,1873.0,13.0,1.0,35250.0,10360.0
18.26312672533095,0.14166121277958155,16.21333986753598,0.9981146304675717,120.0,1880.0,20.0,1.0,35250.0,12581.0
19.263177684042603,0.16242090752348304,17.163070857990533,0.9935897435897436,112.0,1888.0,27.0,1.0,35250.0,15020.0
20.263248107396066,0.18276842264458537,18.154126337729394,0.998868778280543,106.0,1894.0,34.0,1.0,35250.0,17418.0
21.263317327015102,0.20330130541697145,19.14251514757052,0.998868778280543,100.0,1900.0,40.0,1.0,35250.0,19677.0
22.263388986233622,0.22284313989803195,20.12121303146705,0.9996229260935143,95.0,1905.0,45.0,1.0,35250.0,21814.0
23.263438516296446,0.24131388030946255,21.086378645151854,0.9981146304675717,90.0,1910.0,50.0,1.0,35250.0,23840.0
24.263490261975676,0.2586662219837308,22.05078717507422,0.9920814479638009,85.0,1915.0,54.0,1.0,35250.0,25768.0
25.263547870330513,0.27570985769852996,23.05714601278305,0.9883107088989442,81.0,1919.0,58.0,1.0,35250.0,27688.0
26.263596926350147,0.2919141221791506,24.016273265704513,0.9950980392156863,78.0,1922.0,62.0,1.0,35250.0,29442.0
27.263647480402142,0.3082925621420145,25.018718927167356,0.9962292609351433,75.0,1925.0,65.0,1.0,35250.0,31198.0
28.263699765317142,0.32310102926567197,25.97627593949437,0.9981146304675717,72.0,1928.0,68.0,1.0,35250.0,32809.0
29.263749746140093,0.3374189375899732,26.975134566426277,0.9935897435897436,69.0,1931.0,71.0,1.0,35250.0,34427.0
30.26380275329575,0.35140770161524415,27.97442850517109,0.9883107088989442,66.0,1934.0,74.0,1.0,35250.0,35985.0
31.26387684000656,0.36499145394191146,28.969727891031653,0.9932126696832579,64.0,1936.0,76.0,1.0,35250.0,37483.0
32.263950389344245,0.37807287694886327,29.917995394207537,0.9950980392156863,62.0,1938.0,78.0,1.0,35250.0,38867.0
33.2640014430508,0.3913089018315077,30.9094378775917,0.9962292609351433,60.0,1940.0,80.0,1.0,35250.0,40266.0
34.26405197521672,0.4036027849651873,31.899097563698888,0.9950980392156863,58.0,1942.0,82.0,1.0,35250.0,41618.0
35.26410690136254,0.4155190847814083,32.887358371634036,0.9920814479638009,56.0,1944.0,84.0,1.0,35250.0,42927.0
36.26417751610279,0.42970489896833897,33.87390497745946,0.7341628959276019,41.0,1939.0,85.0,21.0,38964.0,44017.0
37.26422518119216,0.4457186465151608,34.83497246308252,0.35595776772247356,24.0,1921.0,85.0,56.0,49075.0,44638.0
38.26427436619997,0.4556581540964544,35.84707496967167,0.5965309200603318,47.0,1896.0,85.0,58.0,60101.0,45411.0
39.26433574734256,0.47004821384325624,36.833943808451295,0.8276772247360482,75.0,1867.0,85.0,59.0,69195.0,46584.0
40.26439336827025,0.4865778530947864,37.78664809418842,0.9947209653092006,98.0,1843.0,85.0,60.0,75971.0,48149.0
41.264442552346736,0.5073045622557402,38.77691001165658,0.9947209653092006,94.0,1845.0,89.0,62.0,76497.0,50260.0
42.2644934724085,0.5265473797917366,39.7573700370267,0.9909502262443439,90.0,1847.0,93.0,64.0,77074.0,52278.0
43.26454521622509,0.5441163582727313,40.73233740776777,0.9864253393665159,86.0,1849.0,97.0,66.0,77381.0,54216.0
44.26459363009781,0.5609436403028667,41.705482084304094,0.9777526395173454,82.0,1851.0,99.0,68.0,77701.0,56081.0
45.264644102193415,0.5784282577224076,42.693237773142755,0.9826546003016591,80.0,1851.0,101.0,70.0,78396.0,57885.0
46.264693829230964,0.7633632896468043,43.53489276673645,0.9728506787330317,77.0,1852.0,102.0,72.0,78773.0,59395.0
47.264767124317586,0.7790259695611894,44.4751486540772,0.9834087481146304,76.0,1851.0,104.0,74.0,79553.0,61020.0
48.26481602713466,0.7960205869749188,45.48737603845075,0.995475113122172,75.0,1850.0,104.0,76.0,79909.0,62753.0
49.26486641634256,0.8113044667989016,46.42683433461934,0.9773755656108597,72.0,1850.0,106.0,79.0,80600.0,64306.0
50.26494185812771,0.8270030207931995,47.41756183793768,0.9947209653092006,72.0,1848.0,107.0,81.0,81567.0,65902.0
51.26498994929716,0.8419182547368109,48.404204812366515,0.997737556561086,72.0,1845.0,108.0,84.0,82728.0,67481.0
52.265055102296174,0.8570841024629772,49.40497218351811,0.9981146304675717,72.0,1842.0,110.0,87.0,84063.0,69051.0
53.2651046840474,0.8720062877982855,50.4045883291401,0.9788838612368024,71.0,1839.0,110.0,91.0,84813.0,70632.0
54.26515789423138,0.8865560041740537,51.375781351700425,0.9920814479638009,73.0,1834.0,110.0,94.0,86063.0,72147.0
55.26521478034556,0.9026659759692848,52.332068767398596,0.9788838612368024,73.0,1830.0,110.0,98.0,87063.0,73688.0
56.26526460936293,0.917863866314292,53.30308667337522,0.972473604826546,74.0,1825.0,110.0,102.0,88313.0,75252.0
57.26531672105193,0.9337579892016947,54.32169960346073,0.9754901960784313,76.0,1819.0,110.0,106.0,90063.0,76932.0
58.26536555914208,0.9494051123037934,55.305752457585186,0.9894419306184012,80.0,1811.0,111.0,110.0,92001.0,78579.0
59.26543814595789,0.9650294994935393,56.2414209228009,0.9845399698340875,83.0,1803.0,111.0,115.0,93567.0,80202.0
60.26548970025033,0.9815860721282661,57.23308190377429,0.9886877828054299,87.0,1794.0,111.0,120.0,95817.0,81964.0
61.26554067339748,0.9986492907628417,58.23974262736738,0.9898190045248869,90.0,1786.0,111.0,125.0,98241.0,83804.0
62.265591205097735,1.0159846474416554,59.190832471940666,0.9705882352941176,92.0,1778.0,111.0,131.0,100317.0,85628.0
63.265648702159524,1.0356666948646307,60.19814995583147,0.9856711915535445,99.0,1765.0,111.0,137.0,103067.0,87632.0
64.265698205214,1.0565496636554599,61.173642409965396,0.9053544494720965,100.0,1753.0,111.0,148.0,106141.0,89629.0
65.26574820000678,1.078489274252206,62.13213486922905,0.9962292609351433,111.0,1740.0,113.0,150.0,110317.0,91696.0
66.26581787830219,1.0994810909032822,63.12494478095323,0.9992458521870287,103.0,1748.0,121.0,150.0,110317.0,94050.0
67.2658933904022,1.1209644302725792,64.11123256152496,0.9984917043740573,96.0,1755.0,128.0,150.0,110317.0,96233.0
68.26594209298491,1.1415286087431014,65.08898254111409,0.9981146304675717,91.0,1759.0,133.0,151.0,110639.0,98281.0
69.26601464021951,1.1598606980405748,66.05532652977854,0.9913273001508296,85.0,1765.0,138.0,151.0,110639.0,100218.0
70.26607622439042,1.1769602010026574,67.01923414552584,0.998868778280543,82.0,1767.0,141.0,152.0,110639.0,102049.0
71.2661339873448,1.1947779571637511,68.02231974108145,0.9830316742081447,77.0,1771.0,145.0,153.0,110639.0,103876.0
72.26618477003649,1.2111742785200477,68.97952108690515,0.9901960784313726,74.0,1774.0,147.0,153.0,110639.0,105551.0
73.26623513316736,1.2277124733664095,69.99578440794721,0.9890648567119156,71.0,1776.0,150.0,154.0,111096.0,107232.0
74.26630815118551,1.2400077027268708,70.97762561310083,0.9996229260935143,70.0,1776.0,152.0,155.0,111580.0,108501.0
75.26638433337212,1.254603251349181,71.90454639354721,0.9845399698340875,67.0,1777.0,155.0,157.0,112085.0,109936.0
76.26643331022933,1.2694512633606791,72.9338218672201,0.9905731523378583,65.0,1778.0,157.0,158.0,113142.0,111459.0
77.26648384006694,1.2833830518648028,73.91372435493395,0.9928355957767723,64.0,1776.0,157.0,161.0,114191.0,112869.0
78.26653435826302,1.2975825821049511,74.88885580096394,0.9935897435897436,63.0,1774.0,157.0,164.0,115160.0,114255.0
79.26660766499117,1.3115594862028956,75.86867352714762,0.9875565610859729,64.0,1767.0,157.0,170.0,117806.0,115570.0
80.266669718083,1.326307151466608,76.85840671043843,0.9886877828054299,66.0,1760.0,157.0,175.0,120031.0,116912.0
81.26674328232184,1.3401209879666567,77.8159021763131,0.9754901960784313,67.0,1754.0,157.0,180.0,122688.0,118236.0
82.26679408736527,1.3556040860712528,78.79336050478742,0.970211161387632,73.0,1741.0,157.0,187.0,126399.0,119638.0
83.2668447070755,1.3718432746827602,79.76814145920798,0.9687028657616893,81.0,1726.0,157.0,194.0,129677.0,121160.0
84.26689679827541,1.3899424206465483,80.75197575287893,0.9898190045248869,90.0,1711.0,157.0,200.0,133529.0,122845.0
85.26694590831175,1.409212902188301,81.71623884001747,0.9886877828054299,99.0,1694.0,157.0,208.0,137677.0,124614.0
86.26699486328289,1.4309446471743286,82.73275490291417,0.9815233785822021,108.0,1676.0,157.0,217.0,142084.0,126645.0
87.26705938996747,1.4519207566045225,83.69674238935113,0.9939668174962293,114.0,1664.0,157.0,223.0,145927.0,128757.0
88.26711097639054,1.473374339286238,84.69226604420692,0.979260935143288,105.0,1672.0,166.0,224.0,145927.0,131183.0
89.26716054230928,1.4937820085324347,85.64642950426787,0.9939668174962293,100.0,1677.0,172.0,224.0,146209.0,133360.0
90.26723646232858,1.5147386495955288,86.63765894761309,0.9958521870286576,95.0,1681.0,177.0,225.0,146537.0,135500.0
91.26728512533009,1.53427122393623,87.60444406280294,0.9924585218702866,89.0,1687.0,182.0,225.0,146537.0,137530.0
92.2673346302472,1.5519038019701838,88.58414602745324,0.9928355957767723,85.0,1690.0,186.0,226.0,146903.0,139459.0
93.26738502224907,1.5694541237317026,89.56143215065822,0.9883107088989442,82.0,1691.0,190.0,228.0,147293.0,141303.0
94.26743566198274,1.5873661413788795,90.54444730188698,0.9920814479638009,79.0,1693.0,193.0,229.0,148130.0,143078.0
95.26748783607036,1.6045281807892025,91.51685424242169,0.9924585218702866,76.0,1695.0,196.0,230.0,148572.0,144787.0
96.2675386001356,1.621883631683886,92.5330694001168,0.995475113122172,74.0,1695.0,197.0,232.0,149051.0,146506.0
97.26758882217109,1.6380591676570475,93.51961817685515,0.9973604826546003,72.0,1695.0,199.0,234.0,149998.0,148107.0
98.26766288233921,1.6530408672988415,94.47544498089701,0.9830316742081447,69.0,1696.0,201.0,236.0,149998.0,149654.0
99.26773487217724,1.668050626758486,95.46210300223902,0.9837858220211161,67.0,1696.0,203.0,238.0,151071.0,151155.0
100.26779204932973,1.6830238122493029,96.45801828149706,0.9868024132730016,66.0,1694.0,203.0,241.0,152588.0,152615.0
101.26784438919276,1.696988170966506,97.44109832122922,0.9935897435897436,65.0,1693.0,204.0,243.0,153515.0,154050.0
102.26789355417714,1.7113037314265966,98.4038166035898,0.9909502262443439,63.0,1693.0,205.0,245.0,153971.0,155447.0
103.26796455401927,1.7252779747359455,99.37681475933641,0.9883107088989442,63.0,1689.0,205.0,249.0,154821.0,156819.0
104.26804414018989,1.739468349609524,100.34742815606296,0.973604826546003,62.0,1686.0,205.0,253.0,156759.0,158138.0
105.26810663798824,1.7543197949416935,101.3614196376875,0.9837858220211161,64.0,1680.0,205.0,257.0,158842.0,159535.0
106.268156982027,1.7693807082250714,102.325726703275,0.9901960784313726,68.0,1671.0,205.0,262.0,161013.0,160914.0
107.26820611720905,1.7846409208141267,103.29958304436877,0.952865761689291,68.0,1665.0,206.0,268.0,163055.0,162321.0
108.26826398121193,1.7987884804606438,104.29136909684166,0.9226998491704375,83.0,1638.0,206.0,280.0,169662.0,163409.0
109.26831193640828,1.8184164869599044,105.26397369755432,0.8499245852187028,97.0,1608.0,206.0,296.0,177289.0,165013.0
110.26837537204847,1.8410215396434069,106.2712349970825,0.9200603318250378,119.0,1577.0,206.0,305.0,185046.0,167005.0
111.2684493442066,1.8656777832657099,107.23188311420381,0.994343891402715,122.0,1574.0,210.0,305.0,187515.0,169491.0
112.26849899999797,1.8882536888122559,108.2265109019354,0.9950980392156863,113.0,1583.0,220.0,305.0,187515.0,172081.0
113.26855042716488,1.9088570671156049,109.18384894914925,0.9947209653092006,107.0,1588.0,226.0,306.0,187818.0,174394.0
114.26860134629533,1.9298215005546808,110.17381099471822,0.998868778280543,101.0,1594.0,232.0,306.0,187818.0,176679.0
115.26865157997236,1.9505463070236146,111.15436626086012,0.9909502262443439,95.0,1599.0,237.0,307.0,187818.0,178825.0
116.26869797101244,1.9701474467292428,112.12079559313133,0.9920814479638009,90.0,1604.0,241.0,307.0,187818.0,180871.0
117.26877315621823,1.9875672431662679,113.08583237789571,0.9981146304675717,86.0,1608.0,246.0,307.0,187818.0,182806.0
118.26884680008516,2.004571837838739,114.06257849885151,0.9935897435897436,82.0,1611.0,250.0,308.0,188238.0,184656.0
119.26889439532533,2.0212317928671837,115.03657464450225,0.994343891402715,79.0,1613.0,253.0,309.0,188697.0,186421.0
120.26896174717695,2.0388502874411643,116.05227252328768,0.9950980392156863,76.0,1615.0,256.0,310.0,189173.0,188199.0
121.26900841435418,2.05544754024595,117.02433483861387,0.9856711915535445,73.0,1616.0,258.0,312.0,189674.0,189835.0
122.26905606128275,2.070624544750899,117.97966571850702,0.9917043740573153,71.0,1617.0,259.0,313.0,189674.0,191419.0
123.26910294732079,2.0859988047741354,118.99366092355922,0.9939668174962293,69.0,1617.0,260.0,315.0,190226.0,193023.0
124.2691489784047,2.1000491962768137,119.96088546002284,0.9909502262443439,67.0,1617.0,261.0,317.0,190672.0,194509.0
125.26922379713506,2.1144354115240276,120.91690533887595,0.9705882352941176,64.0,1617.0,261.0,320.0,190786.0,195958.0
126.26926995627582,2.1289135525003076,121.92480390425771,0.9871794871794872,63.0,1617.0,261.0,321.0,191306.0,197439.0
127.26932521630079,2.1428634356707335,122.90220535593107,0.9815233785822021,62.0,1614.0,262.0,325.0,192341.0,198804.0
128.26939707435668,2.1572305699810386,123.90626782597974,0.9924585218702866,62.0,1611.0,262.0,328.0,194193.0,200162.0
129.2694457070902,2.170645291917026,124.86692626727745,0.9868024132730016,60.0,1611.0,263.0,330.0,194648.0,201503.0
130.26951409038156,2.184544541873038,125.85683936066926,0.9890648567119156,58.0,1612.0,264.0,331.0,194648.0,202863.0
131.26956257317215,2.197821735404432,126.83889423310757,0.9901960784313726,60.0,1604.0,264.0,337.0,197252.0,204085.0
132.2696121931076,2.21268240083009,127.79860070114955,0.7590497737556561,54.0,1589.0,264.0,358.0,202945.0,205176.0
133.26966287009418,2.2299955505877733,128.79113647621125,0.5622171945701357,65.0,1553.0,264.0,383.0,212577.0,206305.0
134.26970980595797,2.2485652742907405,129.76585304085165,0.7948717948717949,99.0,1518.0,264.0,384.0,221240.0,207916.0
135.26978099998087,2.2688442110083997,130.7712176865898,0.996606334841629,124.0,1493.0,264.0,384.0,228109.0,210046.0
136.26983097102493,2.290605149231851,131.7178783719428,0.9981146304675717,115.0,1502.0,273.0,384.0,228109.0,212555.0
137.2698890613392,2.308298256713897,132.7003271933645,0.9962292609351433,108.0,1509.0,280.0,384.0,228109.0,214562.0
138.26996061997488,2.329944637604058,133.7041804920882,0.9947209653092006,102.0,1514.0,285.0,385.0,228427.0,216867.0
139.27003243938088,2.350838872138411,134.68985414411873,0.9981146304675717,96.0,1520.0,292.0,385.0,228427.0,219046.0
140.27010706905276,2.3708080067299306,135.6569451019168,0.9732277526395173,89.0,1526.0,297.0,386.0,228427.0,221097.0
141.2701809243299,2.3889821534976363,136.64872622862458,0.9935897435897436,87.0,1527.0,301.0,387.0,229195.0,223051.0
142.2702553262934,2.4059715112671256,137.61254216823727,0.9886877828054299,83.0,1530.0,304.0,388.0,229195.0,224922.0
143.2703051310964,2.4225499806925654,138.58984777284786,0.9913273001508296,80.0,1532.0,306.0,389.0,229632.0,226721.0
144.27035657130182,2.4391913102008402,139.5482077691704,0.998868778280543,77.0,1535.0,310.0,389.0,229632.0,228447.0
145.2704299162142,2.4562769792973995,140.56573386769742,0.9981146304675717,74.0,1537.0,313.0,390.0,230104.0,230177.0
146.27048039622605,2.4713269365020096,141.53843523561954,0.994343891402715,71.0,1539.0,316.0,391.0,230615.0,231761.0
147.2705261912197,2.4878901708871126,142.52614753274247,0.9924585218702866,69.0,1539.0,318.0,393.0,231656.0,233294.0
148.27060002740473,2.502407736610621,143.51327384077013,0.9909502262443439,67.0,1539.0,320.0,395.0,232726.0,234784.0
149.27065757429227,2.5166723751462996,144.48181695863605,0.9830316742081447,65.0,1538.0,320.0,398.0,233230.0,236237.0
150.2707332749851,2.5307156364433467,145.4603764070198,0.9845399698340875,64.0,1536.0,320.0,401.0,234216.0,237654.0
151.27080790139735,2.5446528643369675,146.43522254144773,0.9852941176470589,63.0,1534.0,321.0,404.0,235183.0,239050.0
152.27085762517527,2.558771557174623,147.45018397830427,0.9883107088989442,63.0,1530.0,321.0,408.0,237433.0,240429.0
153.27090756734833,2.572812366299331,148.42199306981638,0.9845399698340875,64.0,1524.0,321.0,413.0,239444.0,241760.0
154.27095960220322,2.5862673190422356,149.38910855865106,0.995475113122172,65.0,1520.0,321.0,416.0,241260.0,243117.0
155.27103493502364,2.6002361932769418,150.37743637152016,0.9898190045248869,68.0,1511.0,321.0,422.0,243621.0,244485.0
156.2710868921131,2.6155808875337243,151.3663551453501,0.971342383107089,70.0,1503.0,321.0,428.0,246607.0,245925.0
157.27113698003814,2.6296845385804772,152.3135668518953,0.9668174962292609,75.0,1492.0,321.0,434.0,249276.0,247393.0
158.2711876211688,2.6485363487154245,153.2990123401396,0.7111613876319759,82.0,1458.0,321.0,461.0,257409.0,248805.0
159.27126147504896,2.6677466398105025,154.28844727948308,0.9238310708898945,112.0,1427.0,321.0,462.0,265346.0,250628.0
160.27133460203186,2.6888319766148925,155.25886280089617,0.9973604826546003,115.0,1424.0,326.0,462.0,267776.0,252973.0
161.27138348622248,2.710316146723926,156.25359537638724,0.9932126696832579,106.0,1433.0,334.0,462.0,267776.0,255410.0
162.2714337729849,2.731141034513712,157.20715606864542,0.9958521870286576,101.0,1437.0,340.0,463.0,268078.0,257590.0
163.2715090252459,2.7522375090047717,158.20521500287578,0.9969834087481146,96.0,1441.0,345.0,464.0,268410.0,259749.0
164.27156367106363,2.7723688962869346,159.1849808320403,0.9939668174962293,91.0,1445.0,350.0,465.0,268759.0,261810.0
165.27163546904922,2.788126996718347,160.16087559936568,0.9947209653092006,88.0,1447.0,353.0,466.0,269130.0,263425.0
166.27168694604188,2.8052771287038922,161.12542463792488,0.9924585218702866,84.0,1450.0,356.0,467.0,269130.0,265314.0
167.2717613261193,2.822478224989027,162.1136233736761,0.9883107088989442,81.0,1451.0,359.0,469.0,269974.0,267132.0
168.27181206922978,2.839122193865478,163.0859586969018,0.9996229260935143,79.0,1452.0,361.0,470.0,270413.0,268891.0
169.27188488235697,2.85658313985914,164.08711406216025,0.972473604826546,74.0,1455.0,364.0,472.0,270413.0,270660.0
170.27195577928796,2.8726713215000927,165.07261908659711,0.9856711915535445,73.0,1454.0,365.0,474.0,271379.0,272290.0
171.27202857239172,2.8880987903103232,166.04411170026287,0.9901960784313726,71.0,1455.0,367.0,475.0,271884.0,273878.0
172.27208067197353,2.902664143592119,167.0140824248083,0.9913273001508296,69.0,1455.0,368.0,477.0,272425.0,275413.0
173.272129741963,2.9175106128677726,167.99815185461193,0.9830316742081447,67.0,1454.0,369.0,480.0,273489.0,276907.0
174.27217911416665,2.932707746978849,169.01116493949667,0.9834087481146304,65.0,1454.0,370.0,482.0,273962.0,278435.0
175.27223112341017,2.9465717510320246,169.9912889446132,0.9732277526395173,63.0,1453.0,371.0,485.0,274928.0,279854.0
176.27228129608557,2.960947678424418,170.9459917023778,0.9901960784313726,64.0,1449.0,371.0,488.0,276653.0,281193.0
177.27233137609437,2.975151153281331,171.93485395982862,0.9890648567119156,63.0,1447.0,372.0,491.0,277849.0,282582.0
178.27238069009036,2.989971146453172,172.92439875472337,0.9739819004524887,62.0,1444.0,372.0,495.0,278975.0,283965.0
179.27243105415255,3.0035607959143817,173.88550462992862,0.9732277526395173,63.0,1439.0,372.0,499.0,280705.0,285298.0
180.27248503500596,3.0183092821389437,174.9053256153129,0.9879336349924586,66.0,1432.0,372.0,503.0,282881.0,286727.0
181.27255815220997,3.0321293505840003,175.8773831273429,0.9890648567119156,70.0,1423.0,372.0,508.0,284852.0,288149.0
182.272631874308,3.048653346952051,176.839330711402,0.7371794871794872,70.0,1400.0,372.0,531.0,290532.0,289456.0
183.27268109004945,3.066945157945156,177.80982031254098,0.7111613876319759,90.0,1365.0,372.0,546.0,299307.0,290940.0
184.27273202501237,3.0870927460491657,178.80269776610658,0.9468325791855203,121.0,1334.0,372.0,546.0,307098.0,292908.0
185.27280418435112,3.110688617452979,179.79037952702492,0.9996229260935143,122.0,1332.0,375.0,547.0,308923.0,295500.0
186.2728520310484,3.1330309421755373,180.78539276495576,0.9932126696832579,112.0,1342.0,384.0,547.0,308923.0,298076.0
187.27290162304416,3.15334997465834,181.73406121041626,0.995475113122172,105.0,1349.0,392.0,547.0,308923.0,300362.0
188.27294901525602,3.174659814685583,182.72312183957547,0.9969834087481146,99.0,1355.0,398.0,547.0,308923.0,302606.0
189.27302419999614,3.1960625709034503,183.71563423564658,0.9958521870286576,94.0,1359.0,403.0,548.0,309276.0,304728.0
190.27309697214514,3.2155969878658652,184.6932286499068,0.9879336349924586,89.0,1363.0,408.0,549.0,309670.0,306739.0
191.27314784517512,3.233685990329832,185.67048833332956,0.9947209653092006,86.0,1365.0,411.0,550.0,310078.0,308668.0
192.27319847326726,3.249942029826343,186.59090858325362,0.9875565610859729,82.0,1368.0,415.0,551.0,310078.0,310430.0
193.27327140141279,3.267447005957365,187.60933197801933,0.9984917043740573,79.0,1371.0,418.0,551.0,310518.0,312282.0
194.273345713038,3.281045617070049,188.58347328426316,0.9890648567119156,76.0,1373.0,420.0,552.0,310993.0,313674.0
195.2734188362956,3.297156901564449,189.5822185878642,0.9826546003016591,73.0,1374.0,422.0,554.0,310993.0,315387.0
196.27346813026816,3.312840453349054,190.55496387323365,0.9890648567119156,71.0,1375.0,424.0,555.0,311514.0,316979.0
197.2735187644139,3.328117190860212,191.54118835460395,0.9883107088989442,69.0,1375.0,426.0,557.0,312595.0,318522.0
198.27356846211478,3.342418266925961,192.51176902512088,0.9883107088989442,67.0,1375.0,427.0,559.0,313166.0,320018.0
199.27361410437152,3.3568031447939575,193.50881419936195,0.9849170437405732,65.0,1375.0,427.0,561.0,313166.0,321539.0
200.2736901221797,3.371028849389404,194.4733982887119,0.9837858220211161,63.0,1375.0,428.0,563.0,313770.0,322951.0
201.27373881731182,3.385617365129292,195.4682330423966,0.9852941176470589,62.0,1373.0,429.0,566.0,315298.0,324328.0
202.2737889722921,3.3994438061490655,196.44770377269015,0.9909502262443439,61.0,1372.0,430.0,568.0,316271.0,325681.0
203.2738388273865,3.4132308764383197,197.43673169286922,0.9845399698340875,60.0,1369.0,430.0,572.0,317655.0,327005.0
204.27389153232798,3.4271084908396006,198.41668732324615,0.9709653092006033,59.0,1366.0,430.0,576.0,318964.0,328322.0
205.2739671501331,3.441049058455974,199.41894317464903,0.9871794871794872,60.0,1362.0,430.0,579.0,320592.0,329638.0
206.2740422342904,3.4552472536452115,200.39058086741716,0.8597285067873304,59.0,1348.0,430.0,594.0,324733.0,330835.0
207.27409101603553,3.473028679843992,201.3669535345398,0.5316742081447964,61.0,1315.0,430.0,625.0,333862.0,331947.0
208.27413952397183,3.4920150227844715,202.42519318778068,0.7865761689291101,98.0,1277.0,430.0,626.0,343455.0,333655.0
209.27419184101745,3.5091940383426845,203.28120068786666,0.9856711915535445,124.0,1251.0,430.0,626.0,349924.0,335404.0
210.27426894800738,3.5325748370960355,204.29532526247203,0.9973604826546003,116.0,1259.0,438.0,626.0,350457.0,338059.0
211.2743191192858,3.554023710079491,205.29083369858563,0.9981146304675717,108.0,1267.0,446.0,626.0,350457.0,340521.0
212.27436895901337,3.574198299087584,206.24609221704304,0.994343891402715,102.0,1272.0,452.0,627.0,350768.0,342726.0
213.27441954100505,3.594800831284374,207.2318406063132,0.9981146304675717,96.0,1278.0,458.0,627.0,350768.0,344907.0
214.27448706934229,3.6162662585265934,208.25472678104416,0.9932126696832579,91.0,1282.0,463.0,628.0,351136.0,347051.0
215.27456375723705,3.633340234402567,209.1768141016364,0.9913273001508296,86.0,1287.0,467.0,628.0,351136.0,348918.0
216.27461342327297,3.6505514322780073,210.151883947663,0.995475113122172,83.0,1289.0,471.0,629.0,351538.0,350785.0
217.27466159220785,3.667622371111065,211.12619127240032,0.9898190045248869,79.0,1292.0,474.0,630.0,351971.0,352571.0
218.27473499719054,3.6851199474185705,212.11339663947,0.9924585218702866,77.0,1292.0,477.0,632.0,352889.0,354283.0
219.27480614325032,3.7015877719968557,213.08532153628767,0.9901960784313726,74.0,1294.0,479.0,633.0,353371.0,355947.0
220.27486871508881,3.7178721795789897,214.08462480455637,0.9928355957767723,72.0,1294.0,480.0,635.0,353371.0,357623.0
221.27493228623644,3.7325159637257457,215.05643773078918,0.9800150829562594,69.0,1295.0,482.0,637.0,353893.0,359181.0
222.2749813850969,3.7476528948172927,216.0701067429036,0.9996229260935143,68.0,1295.0,483.0,638.0,354446.0,360756.0
223.27505357004702,3.761275053024292,217.02419792488217,0.970211161387632,64.0,1297.0,485.0,640.0,354446.0,362212.0
224.27510956907645,3.7751445695757866,218.0046275141649,0.994343891402715,64.0,1295.0,485.0,642.0,355578.0,363626.0
225.2751793251373,3.7893940242938697,219.02492968412116,0.9969834087481146,63.0,1293.0,485.0,645.0,356600.0,365072.0
226.27522829640657,3.800595158711076,219.96392138302326,0.9890648567119156,62.0,1291.0,486.0,648.0,357569.0,366123.0
227.27529752533883,3.8154354370199144,220.97493849974126,0.9886877828054299,63.0,1285.0,486.0,653.0,359724.0,367482.0
228.27537830732763,3.8292804774828255,221.96540356101468,0.9739819004524887,63.0,1280.0,486.0,658.0,362426.0,368808.0
229.27545103197917,3.8433216037228703,222.9226005463861,0.9883107088989442,67.0,1271.0,486.0,663.0,365507.0,370108.0
230.27551921317354,3.8584780688397586,223.91676288470626,0.9837858220211161,71.0,1261.0,486.0,669.0,368385.0,371541.0
231.2755928891711,3.8728599320165813,224.8838509824127,0.9611613876319759,71.0,1256.0,487.0,674.0,370180.0,373035.0
232.2756440723315,3.892894365824759,225.85179953370243,0.6500754147812972,75.0,1222.0,487.0,704.0,378135.0,374368.0
233.27569484896958,3.912430352997035,226.8641814691946,0.8804675716440422,108.0,1188.0,487.0,705.0,386613.0,376163.0
234.27576502924785,3.9324306291528046,227.81965052057058,0.9981146304675717,119.0,1177.0,490.0,705.0,390730.0,378388.0
235.275827747304,3.954698366113007,228.8217339250259,0.994343891402715,111.0,1184.0,497.0,706.0,390997.0,380923.0
236.27587625104934,3.9747652099467814,229.76989352842793,0.9969834087481146,104.0,1191.0,505.0,706.0,390997.0,383183.0
237.2759252609685,3.9961809711530805,230.76864163391292,0.998868778280543,99.0,1195.0,510.0,707.0,391312.0,385418.0
238.2759768520482,4.016429548151791,231.74328377330676,0.998868778280543,93.0,1201.0,516.0,707.0,391312.0,387523.0
239.27602737629786,4.03481562808156,232.70875226939097,0.9917043740573153,88.0,1205.0,520.0,708.0,391312.0,389507.0
240.27607845235616,4.05274279601872,233.71760536450893,0.9819004524886877,83.0,1209.0,524.0,709.0,391312.0,391484.0
241.27614152012393,4.069725289475173,234.67929379083216,0.9935897435897436,80.0,1212.0,527.0,709.0,391312.0,393289.0
242.2761948350817,4.086835463996977,235.6524780667387,0.9958521870286576,78.0,1212.0,528.0,711.0,391762.0,395021.0
243.27626823540777,4.103738475590944,236.62646467145532,0.9894419306184012,75.0,1213.0,531.0,713.0,392228.0,396696.0
244.27631846722215,4.120430276263505,237.6419521458447,0.9803921568627451,72.0,1214.0,532.0,715.0,392700.0,398390.0
245.27639203332365,4.135705937165767,238.61207208922133,0.9822775263951734,70.0,1214.0,533.0,717.0,393216.0,399960.0
246.27645660517737,4.1508310390636325,239.59690351970494,0.9924585218702866,69.0,1213.0,534.0,719.0,394176.0,401490.0
247.2765090772882,4.16522175213322,240.56614997563884,0.9898190045248869,67.0,1213.0,535.0,721.0,394678.0,402981.0
248.27657903637737,4.179680154193193,241.546968922019,0.9917043740573153,66.0,1211.0,535.0,724.0,395568.0,404435.0
249.276628150139,4.193703212309629,242.52507925406098,0.9717194570135747,64.0,1209.0,535.0,728.0,396419.0,405874.0
250.27669889014214,4.208121926058084,243.5324221844785,0.9883107088989442,65.0,1205.0,535.0,731.0,398017.0,407300.0
251.27674791309983,4.2222913219593465,244.5128684467636,0.9958521870286576,64.0,1204.0,536.0,733.0,398799.0,408720.0
252.27679896028712,4.236650904174894,245.5067912149243,0.971342383107089,63.0,1200.0,536.0,738.0,400263.0,410120.0
253.27684837020934,4.2499983590096235,246.46801931830123,0.9920814479638009,64.0,1197.0,536.0,740.0,401657.0,411480.0
254.27689510025084,4.2642730278894305,247.4316000137478,0.9913273001508296,65.0,1192.0,537.0,744.0,403335.0,412821.0
255.2769485223107,4.2792315343394876,248.45138175273314,0.9739819004524887,67.0,1184.0,537.0,750.0,405758.0,414264.0
256.27699409332126,4.296660952270031,249.40838021598756,0.6885369532428356,67.0,1158.0,537.0,776.0,411959.0,415535.0
257.277068477124,4.314527585636824,250.37648761924356,0.7345399698340875,91.0,1123.0,537.0,787.0,420736.0,417020.0
258.2771176593378,4.330193869303912,251.3346256809309,0.9230769230769231,116.0,1098.0,537.0,787.0,426911.0,418549.0
259.2771878610365,4.353292903397232,252.34559354558587,0.9939668174962293,118.0,1096.0,542.0,787.0,429454.0,421091.0
260.2772597861476,4.374629039783031,253.3047855310142,0.9913273001508296,111.0,1102.0,550.0,788.0,429744.0,423492.0
261.2773110070266,4.39674267033115,254.29812705796212,0.9962292609351433,104.0,1109.0,557.0,788.0,429744.0,425866.0
262.27736018411815,4.418090241029859,255.28596848994493,0.9996229260935143,98.0,1115.0,563.0,788.0,429744.0,428085.0
263.2774128234014,4.438347246963531,256.2692281813361,0.9962292609351433,93.0,1119.0,568.0,789.0,430103.0,430175.0
264.27748491615057,4.457153658848256,257.24791548773646,0.9886877828054299,88.0,1123.0,573.0,790.0,430494.0,432161.0
265.27753566997126,4.474333301186562,258.21222757874057,0.9962292609351433,85.0,1125.0,575.0,791.0,430494.0,434067.0
266.2776077692397,4.490847902372479,259.1747928643599,0.9996229260935143,82.0,1127.0,577.0,792.0,430494.0,435896.0
267.27767604216933,4.507930600550026,260.14846049482003,0.996606334841629,79.0,1128.0,579.0,794.0,430951.0,437733.0
268.27772517642006,4.525756708346307,261.1657994762063,0.9875565610859729,76.0,1129.0,581.0,796.0,431415.0,439437.0
269.2777749369852,4.541808187961578,262.1216893186793,0.996606334841629,74.0,1130.0,582.0,797.0,431415.0,441083.0
270.27785014826804,4.558205579407513,263.12177936080843,0.9800150829562594,70.0,1133.0,585.0,798.0,431415.0,442742.0
271.27789904829115,4.572722245939076,264.090771718882,0.9920814479638009,69.0,1132.0,585.0,800.0,431943.0,444273.0
272.2779505541548,4.587445423938334,265.0601200507954,0.9856711915535445,67.0,1131.0,585.0,803.0,432462.0,445766.0
273.2780010541901,4.602142075076699,266.0450882674195,0.9947209653092006,66.0,1130.0,586.0,805.0,433493.0,447228.0
274.27804690413177,4.616397274658084,267.0381635380909,0.9860482654600302,63.0,1132.0,588.0,806.0,433493.0,448710.0
275.2780939093791,4.630063241813332,268.0159052396193,0.9705882352941176,61.0,1130.0,588.0,810.0,434581.0,450085.0
276.2781677162275,4.643720623571426,268.9930783887394,0.9883107088989442,61.0,1128.0,589.0,812.0,435578.0,451433.0
277.27821892732754,4.657350053545088,269.99124534474686,0.9879336349924586,60.0,1126.0,590.0,815.0,437401.0,452755.0
278.27826853841543,4.6705053532496095,270.96261257724836,0.9901960784313726,61.0,1121.0,590.0,819.0,439402.0,454024.0
279.27834308100864,4.684218239504844,271.9673197893426,0.9928355957767723,62.0,1116.0,590.0,823.0,441220.0,455377.0
280.2784177400172,4.6986465798690915,272.94220310403034,0.8748114630467572,62.0,1102.0,590.0,837.0,445037.0,456618.0
281.2784670609981,4.7184764072299,273.9311185334809,0.552790346907994,66.0,1067.0,590.0,868.0,454072.0,457825.0
282.2785378913395,4.736645171884447,274.9023191225715,0.7779034690799397,99.0,1033.0,590.0,869.0,462726.0,459445.0
283.27858813712373,4.756639017723501,275.87044173432514,0.9898190045248869,126.0,1006.0,590.0,869.0,469955.0,461460.0
284.27863857802004,4.780021068640053,276.8597909617238,0.995475113122172,117.0,1015.0,598.0,869.0,469958.0,464147.0
285.27871346799657,4.800688003189862,277.77565842913464,0.9962292609351433,111.0,1020.0,605.0,870.0,470238.0,466438.0
286.27876382600516,4.818910709116608,278.79511861270294,0.9996229260935143,105.0,1026.0,611.0,870.0,470238.0,468488.0
287.27881504409015,4.840705807320774,279.794797597453,0.9932126696832579,99.0,1031.0,616.0,871.0,470570.0,470732.0
288.278866128996,4.861086189746857,280.771741702687,0.9992458521870287,94.0,1036.0,622.0,871.0,470570.0,472854.0
289.278911144007,4.879985950887203,281.73708805721253,0.9920814479638009,89.0,1040.0,626.0,872.0,470570.0,474855.0
290.2789607332088,4.897146346513182,282.70238093007356,0.995475113122172,85.0,1044.0,630.0,872.0,470570.0,476770.0
291.2790067163296,4.9144438109360635,283.7089996142313,0.9939668174962293,81.0,1047.0,633.0,873.0,470570.0,478674.0
292.27905590226874,4.931187237147242,284.66812674468383,0.9898190045248869,77.0,1051.0,636.0,873.0,470570.0,480419.0
293.2791256061755,4.947681944351643,285.6409019208513,0.9928355957767723,75.0,1051.0,638.0,875.0,471058.0,482088.0
294.27919800113887,4.964796199928969,286.64069854840636,0.9898190045248869,72.0,1053.0,640.0,876.0,471058.0,483776.0
295.27924988232553,4.980356066022068,287.6273996438831,0.9883107088989442,70.0,1053.0,642.0,878.0,472101.0,485340.0
296.2793016671203,4.995677106082439,288.6260544206016,0.9969834087481146,68.0,1054.0,643.0,879.0,472101.0,486924.0
297.27935360511765,5.009857119526714,289.5920595964417,0.9879336349924586,66.0,1053.0,643.0,882.0,472548.0,488386.0
298.2794197672047,5.02406076528132,290.56389895034954,0.9860482654600302,64.0,1053.0,645.0,884.0,473194.0,489818.0
299.27947105420753,5.038083146791905,291.54263813002035,0.9819004524886877,62.0,1053.0,646.0,886.0,474325.0,491208.0
300.2795175630599,5.052074814680964,292.5193768986501,0.9819004524886877,61.0,1051.0,646.0,889.0,475334.0,492560.0
301.2795916912146,5.065921608358622,293.518535612151,0.9668174962292609,60.0,1047.0,646.0,894.0,477179.0,493895.0
302.27964214328676,5.079429613891989,294.50404203217477,0.9852941176470589,62.0,1041.0,646.0,898.0,479719.0,495190.0
303.2797154551372,5.0928644756786525,295.47209196258336,0.9883107088989442,63.0,1036.0,647.0,902.0,481741.0,496495.0
304.2797662522644,5.107089677359909,296.4870715797879,0.9871794871794872,66.0,1027.0,647.0,908.0,485212.0,497835.0
305.2798199742101,5.1221650284715,297.4605959006585,0.8310708898944192,65.0,1012.0,647.0,924.0,489035.0,499160.0
306.2798718260601,5.140319392550737,298.44403123669326,0.6568627450980392,77.0,977.0,647.0,947.0,497974.0,500471.0
307.27991955913603,5.159363459795713,299.41054193954915,0.8925339366515836,109.0,945.0,647.0,947.0,505996.0,502209.0
308.27998893521726,5.180768544785678,300.4034893908538,0.9939668174962293,117.0,937.0,650.0,947.0,509515.0,504556.0
309.2800437649712,5.2023134171031415,301.3619322348386,0.998868778280543,111.0,942.0,657.0,948.0,509785.0,506955.0
310.2801156421192,5.223706088028848,302.3549592480995,0.9973604826546003,103.0,950.0,665.0,948.0,509785.0,509306.0
311.28018544614315,5.243832402396947,303.29790048720315,0.9984917043740573,97.0,956.0,671.0,948.0,509785.0,511403.0
312.28024714812636,5.265160887036473,304.3086445759982,0.9984917043740573,92.0,960.0,675.0,949.0,509785.0,513559.0
313.2802951182239,5.280214997008443,305.265023896005,0.9917043740573153,87.0,965.0,679.0,949.0,509785.0,515174.0
314.2803402012214,5.297651338856667,306.2448418047279,0.996606334841629,84.0,967.0,683.0,950.0,510171.0,517063.0
315.2804137901403,5.31441800808534,307.22089351527393,0.9909502262443439,80.0,970.0,686.0,951.0,510594.0,518865.0
316.2804877613671,5.331465071998537,308.20606628479436,0.9958521870286576,78.0,970.0,689.0,953.0,511473.0,520603.0
317.2805572343059,5.348227749578655,309.1910737240687,0.997737556561086,76.0,970.0,691.0,955.0,512393.0,522287.0
318.2806056230329,5.364303376059979,310.16308494703844,0.9894419306184012,73.0,971.0,693.0,957.0,512878.0,523916.0
319.28067948808894,5.380431968253106,311.17802868178114,0.9905731523378583,71.0,971.0,694.0,959.0,513351.0,525574.0
320.28073004214093,5.395733024459332,312.1634918968193,0.9905731523378583,69.0,971.0,696.0,961.0,514315.0,527118.0
321.28078044205904,5.411404726095498,313.13390905829147,0.9754901960784313,66.0,972.0,698.0,963.0,514864.0,528614.0
322.2808330873959,5.425726845860481,314.08698436338454,0.9886877828054299,66.0,969.0,698.0,966.0,516355.0,529995.0
323.28088274924085,5.44025413133204,315.0793539653532,0.9879336349924586,65.0,967.0,699.0,969.0,517629.0,531429.0
324.28095521219075,5.454142968170345,316.05539490655065,0.9852941176470589,64.0,965.0,699.0,972.0,518434.0,532848.0
325.2810048982501,5.469225133769214,317.04362636618316,0.9905731523378583,63.0,964.0,700.0,974.0,519595.0,534259.0
326.2810552320443,5.4833098808303475,318.0509133175947,0.9773755656108597,63.0,959.0,701.0,979.0,521456.0,535651.0
327.2811066992581,5.497257739305496,319.01028487924486,0.9845399698340875,65.0,953.0,701.0,983.0,523161.0,536992.0
328.28115751221776,5.511352545581758,319.98171163443476,0.9743589743589743,65.0,949.0,701.0,987.0,525077.0,538376.0
329.28120849840343,5.525803511962295,320.9686166145839,0.969079939668175,69.0,939.0,702.0,993.0,527909.0,539790.0
330.2812531380914,5.542041192296892,321.9577805735171,0.7997737556561086,72.0,918.0,702.0,1011.0,532691.0,541215.0
331.2813043463975,5.5613806820474565,322.9416256779805,0.720211161387632,89.0,883.0,702.0,1029.0,541456.0,542705.0
332.28135045524687,5.580921983346343,323.93108999729156,0.9366515837104072,119.0,852.0,702.0,1030.0,549276.0,544643.0
333.28139543998986,5.603070334997028,324.8807694548741,0.9981146304675717,120.0,851.0,707.0,1030.0,551355.0,547094.0
334.281468547415,5.625375711359084,325.87768874457106,0.995475113122172,111.0,860.0,715.0,1030.0,551355.0,549635.0
335.281538635958,5.6466091512702405,326.86992099136114,0.9913273001508296,104.0,866.0,722.0,1031.0,551355.0,551996.0
336.2815897250548,5.667138632386923,327.8130679936148,0.9984917043740573,99.0,871.0,727.0,1031.0,551355.0,554133.0
337.2816398772411,5.687257979530841,328.78753055725247,0.9973604826546003,93.0,877.0,733.0,1031.0,551355.0,556240.0
338.28168911114335,5.708018202334642,329.85690215136856,0.994343891402715,88.0,881.0,738.0,1032.0,551743.0,558406.0
339.28176578413695,5.724212472792715,330.77809577202424,0.9947209653092006,84.0,885.0,742.0,1032.0,551743.0,560214.0
340.28184133116156,5.740596036426723,331.72383457189426,0.9905731523378583,81.0,886.0,745.0,1034.0,552606.0,561943.0
341.2819119822234,5.756814504042268,332.63934717467055,0.9909502262443439,78.0,888.0,747.0,1035.0,552606.0,563614.0
342.28198396228254,5.939799729734659,333.52563881874084,0.9958521870286576,76.0,889.0,749.0,1036.0,553061.0,565157.0
343.2820329340175,5.956324351020157,334.49557687714696,0.9856711915535445,73.0,890.0,751.0,1038.0,553501.0,566795.0
344.28209182200953,5.97198873758316,335.4988853218965,0.9830316742081447,70.0,892.0,753.0,1039.0,553567.0,568450.0
345.2821422619745,5.986743305809796,336.4685943662189,0.9928355957767723,69.0,891.0,753.0,1041.0,554092.0,569979.0
346.28219587821513,6.0015400792472064,337.45627446100116,0.9939668174962293,67.0,891.0,755.0,1043.0,555182.0,571469.0
347.2822411591187,6.0162655441090465,338.44097844837233,0.9901960784313726,65.0,891.0,757.0,1045.0,556296.0,572916.0
348.28229228034616,6.03074975637719,339.42039114329964,0.9920814479638009,64.0,889.0,757.0,1048.0,557308.0,574325.0
349.28233720641583,6.0446942718699574,340.39340533223003,0.9856711915535445,63.0,886.0,757.0,1052.0,558250.0,575713.0
350.282409446314,6.059816098771989,341.4194661807269,0.9917043740573153,62.0,885.0,758.0,1054.0,559562.0,577152.0
351.28248312836513,6.073441870044917,342.3794333790429,0.9894419306184012,62.0,881.0,758.0,1058.0,561201.0,578450.0
352.2825341001153,6.087855120655149,343.3806010331027,0.9845399698340875,62.0,877.0,758.0,1062.0,562728.0,579810.0
353.28258569631726,6.101016401778907,344.33880755864084,0.9675716440422323,61.0,874.0,759.0,1066.0,564190.0,581115.0
354.2826350093819,6.114939715247601,345.3025675318204,0.8993212669683258,60.0,866.0,759.0,1075.0,566375.0,582435.0
355.2827044511214,6.133321979083121,346.30555893247947,0.5260180995475113,60.0,832.0,759.0,1109.0,575452.0,583596.0
356.28275542519987,6.15013947384432,347.26556730782613,0.7748868778280543,95.0,797.0,759.0,1109.0,584214.0,585108.0
357.28281047102064,6.169186518061906,348.227468484547,0.979260935143288,123.0,768.0,759.0,1110.0,591524.0,587042.0
358.28286294220015,6.192209665197879,349.2416933402419,0.9958521870286576,116.0,775.0,767.0,1110.0,592348.0,589699.0
359.2829141751863,6.213688646443188,350.23665252141654,0.997737556561086,108.0,783.0,775.0,1110.0,592348.0,592164.0
360.28296221327037,6.234129025600851,351.1943117729388,0.9947209653092006,102.0,788.0,781.0,1111.0,592666.0,594360.0
361.2830078341067,6.254889153875411,352.14991161460057,0.9924585218702866,97.0,792.0,785.0,1112.0,593007.0,596449.0
362.2830846882425,6.275838993024081,353.1638296004385,0.9894419306184012,92.0,796.0,790.0,1113.0,593007.0,598622.0
363.2831570422277,6.29424813715741,354.12995040928945,0.9913273001508296,87.0,801.0,794.0,1113.0,593007.0,600603.0
364.28320514736697,6.311567568220198,355.1053111939691,0.9950980392156863,84.0,803.0,798.0,1114.0,593412.0,602488.0
365.2832554723136,6.328465031459928,356.06814086204395,0.9894419306184012,80.0,806.0,800.0,1115.0,593412.0,604296.0
366.283325787168,6.3461852772161365,357.0696152439341,0.9917043740573153,77.0,808.0,803.0,1116.0,593412.0,606107.0
367.2833752851002,6.362439784221351,358.04223256278783,0.9890648567119156,74.0,810.0,805.0,1117.0,593895.0,607772.0
368.28342561330646,6.378518279641867,359.01299962215126,0.9913273001508296,72.0,810.0,807.0,1119.0,594385.0,609378.0
369.2834755112417,6.394009565934539,360.02572051016614,0.9909502262443439,70.0,810.0,808.0,1121.0,594880.0,611010.0
370.28354655299336,6.408707662951201,360.99732923926786,0.978129713423831,67.0,811.0,810.0,1123.0,595425.0,612525.0
371.28359883325174,6.423844277393073,361.9807525407523,0.9890648567119156,66.0,810.0,811.0,1125.0,596536.0,613990.0
372.28364846110344,6.436028922442347,362.9501900970936,0.9992458521870287,65.0,810.0,812.0,1126.0,597037.0,615234.0
373.2836939091794,6.450097009073943,363.92741239257157,0.9909502262443439,63.0,809.0,813.0,1129.0,598125.0,616626.0
374.2837665192783,6.464389501139522,364.91997755644843,0.9894419306184012,62.0,807.0,813.0,1132.0,599525.0,618006.0
375.2838398274034,6.479106988757849,365.9088675240055,0.9981146304675717,62.0,804.0,814.0,1135.0,600873.0,619366.0
376.2838963493705,6.493055873084813,366.868857038673,0.9868024132730016,62.0,799.0,815.0,1140.0,602582.0,620644.0
377.28394781425595,6.507655633147806,367.87156271841377,0.9883107088989442,64.0,792.0,815.0,1145.0,605711.0,621952.0
378.2839979501441,6.521424348466098,368.82847414631397,0.9871794871794872,68.0,782.0,815.0,1151.0,608578.0,623248.0
379.2840484310873,6.536706142127514,369.8103900379501,0.9355203619909502,69.0,773.0,815.0,1159.0,611191.0,624692.0
380.2840982461348,6.556866372469813,370.82953524170443,0.6150075414781297,73.0,738.0,815.0,1190.0,620071.0,626054.0
381.28414840530604,6.575302048120648,371.7811218686402,0.8529411764705882,106.0,705.0,815.0,1190.0,628163.0,627722.0
382.2842172742821,6.5956981824710965,372.7607557820156,0.9973604826546003,123.0,687.0,816.0,1191.0,633554.0,629941.0
383.28426885418594,6.618281984701753,373.7543590175919,0.9992458521870287,114.0,696.0,825.0,1191.0,633554.0,632546.0
384.2843197681941,6.638504839036614,374.7032539602369,0.9981146304675717,106.0,704.0,833.0,1191.0,633554.0,634959.0
385.2843729360029,6.659645359497517,375.6921799662523,0.9947209653092006,99.0,711.0,840.0,1191.0,633554.0,637110.0
386.28443180024624,6.680587220005691,376.68546531908214,0.9932126696832579,94.0,715.0,844.0,1192.0,633897.0,639240.0
387.2844826374203,6.699563317000866,377.6515489546582,0.9958521870286576,89.0,720.0,850.0,1192.0,633897.0,641255.0
388.2845283243805,6.718145308084786,378.6432816567831,0.9928355957767723,86.0,721.0,853.0,1194.0,634688.0,643175.0
389.2846043971367,6.735146435908973,379.6073356475681,1.0,82.0,725.0,857.0,1194.0,634688.0,645021.0
390.28465777635574,6.752390890847892,380.5946752447635,0.9917043740573153,79.0,726.0,860.0,1196.0,635571.0,646784.0
391.28473156597465,6.770036138128489,381.59503954369575,0.994343891402715,76.0,728.0,862.0,1197.0,635571.0,648566.0
392.2847833284177,6.786497868131846,382.56679038796574,0.9898190045248869,73.0,730.0,865.0,1198.0,636062.0,650205.0
393.28483295813203,6.8019729517400265,383.53871011035517,0.9894419306184012,71.0,730.0,866.0,1200.0,636560.0,651790.0
394.2848838074133,6.8172392174601555,384.52413223171607,0.972473604826546,68.0,730.0,868.0,1203.0,637593.0,653329.0
395.2849529623054,6.832505352329463,385.5077971830033,0.9939668174962293,68.0,728.0,868.0,1205.0,638583.0,654830.0
396.2850238182582,6.846523707266897,386.4738709726371,0.9924585218702866,66.0,728.0,869.0,1207.0,639030.0,656294.0
397.2850911892019,6.860816513653845,387.4553230055608,0.9939668174962293,65.0,726.0,869.0,1210.0,640009.0,657723.0
398.2851441553794,6.874705266207457,388.432438143529,0.9815233785822021,63.0,725.0,871.0,1213.0,640971.0,659120.0
399.2851953380741,6.888729142490774,389.41775388410315,0.9890648567119156,62.0,724.0,872.0,1215.0,642284.0,660501.0
400.285247029271,6.903114413376898,390.42073704395443,0.9856711915535445,62.0,720.0,872.0,1219.0,643930.0,661861.0
401.28529710508883,6.917068019974977,391.374803702347,0.9788838612368024,62.0,716.0,872.0,1223.0,645434.0,663165.0
402.2853641123511,6.931524679996073,392.3799577737227,0.9830316742081447,63.0,711.0,873.0,1227.0,647203.0,664552.0
403.28543466934934,6.9457350433804095,393.3415407524444,0.9709653092006033,66.0,702.0,873.0,1233.0,650426.0,665845.0
404.2854860210791,6.962847338523716,394.34745338885114,0.72473604826546,67.0,677.0,873.0,1257.0,656516.0,667183.0
405.28554300637916,6.978668915107846,395.3255251897499,0.6791101055806938,83.0,647.0,873.0,1271.0,664044.0,668373.0
406.2855998161249,6.998034111224115,396.30214857822284,0.9098793363499246,114.0,616.0,873.0,1271.0,671961.0,670216.0
407.2856503073126,7.019978098105639,397.29184979433194,0.9984917043740573,121.0,608.0,876.0,1272.0,675127.0,672635.0
408.2857229122892,7.041643631644547,398.24391117924824,0.9950980392156863,112.0,617.0,884.0,1272.0,675127.0,675086.0
409.2857712893747,7.062659552786499,399.237827911973,0.998868778280543,105.0,624.0,892.0,1272.0,675127.0,677471.0
410.28583754831925,7.08336091786623,400.1931718508713,0.9932126696832579,99.0,629.0,897.0,1273.0,675453.0,679614.0
411.285887804348,7.10456878086552,401.18321060435846,0.9996229260935143,95.0,632.0,902.0,1274.0,675811.0,681740.0
412.2859365781769,7.124091385863721,402.14999532699585,0.9913273001508296,89.0,638.0,907.0,1274.0,675811.0,683765.0
413.2859880323522,7.141625408548862,403.1256417087279,0.9909502262443439,85.0,641.0,911.0,1275.0,676216.0,685682.0
414.28603279031813,7.159161701798439,404.1328508425504,0.9962292609351433,82.0,643.0,914.0,1276.0,676216.0,687598.0
415.28610011702403,7.176217893138528,405.1078950986266,0.9984917043740573,79.0,645.0,917.0,1277.0,676669.0,689357.0
416.28615089831874,7.192844451870769,406.08058228716254,0.9973604826546003,76.0,647.0,920.0,1278.0,677146.0,691049.0
417.28620103932917,7.209293785504997,407.0522768087685,0.9868024132730016,73.0,648.0,922.0,1280.0,677650.0,692678.0
418.28625099919736,7.225210684817284,408.0512124300003,0.9973604826546003,71.0,649.0,923.0,1281.0,677650.0,694330.0
419.28630683012307,7.240393647924066,409.02268072683364,0.9826546003016591,68.0,650.0,925.0,1283.0,678193.0,695858.0
420.2863743081689,7.254684766754508,409.99155248887837,0.9939668174962293,67.0,649.0,925.0,1285.0,678727.0,697338.0
421.28642793837935,7.269339933525771,411.0046183145605,0.9864253393665159,65.0,648.0,925.0,1288.0,679240.0,698853.0
422.28649739036337,7.283632710576057,411.9961287411861,0.9849170437405732,63.0,648.0,925.0,1290.0,679240.0,700329.0
423.28654824895784,7.297685022465885,412.97466942993924,0.97473604826546,61.0,647.0,926.0,1293.0,680279.0,701699.0
424.28659752802923,7.310872001573443,413.93262210441753,0.9928355957767723,62.0,643.0,926.0,1296.0,682098.0,702995.0
425.2866458641365,7.325244104955345,414.9347575469874,0.9728506787330317,61.0,639.0,926.0,1301.0,683757.0,704350.0
426.2866982463747,7.338728393893689,415.90298834303394,0.9871794871794872,62.0,635.0,927.0,1304.0,685693.0,705654.0
427.28674332937226,7.353046366944909,416.89964736951515,0.9830316742081447,65.0,626.0,927.0,1310.0,688530.0,706988.0
428.28681588731706,7.368331697769463,417.85702794231474,0.9720965309200603,68.0,617.0,927.0,1315.0,691627.0,708391.0
429.28686647024006,7.387631858699024,418.8283624271862,0.608974358974359,67.0,586.0,927.0,1348.0,699194.0,709595.0
430.2869205940515,7.406316081061959,419.810725228861,0.8054298642533937,99.0,551.0,927.0,1351.0,707853.0,711205.0
431.2869801912457,7.431317454203963,420.9971653111279,0.994343891402715,122.0,527.0,927.0,1352.0,714641.0,713824.0
432.2870330293663,7.446186984423548,421.79532015509903,0.9947209653092006,116.0,533.0,933.0,1352.0,714641.0,715496.0
433.2870823023841,7.467066382989287,422.7454412858933,0.9932126696832579,108.0,541.0,941.0,1352.0,714641.0,717854.0
434.28715104516596,7.488249747548252,423.73710659425706,0.9932126696832579,102.0,546.0,946.0,1353.0,714641.0,720180.0
435.28719556704164,7.509385099168867,424.7241250909865,0.995475113122172,96.0,552.0,953.0,1353.0,714641.0,722365.0
436.2872441899963,7.529086604248732,425.69089811248705,0.998868778280543,91.0,557.0,958.0,1353.0,714641.0,724420.0
437.2872959692031,7.5467860526405275,426.65632454212755,0.9917043740573153,86.0,561.0,962.0,1354.0,714641.0,726356.0
438.287354930304,7.563835360109806,427.63256361102685,0.9947209653092006,83.0,563.0,965.0,1355.0,715054.0,728217.0
439.2874046303332,7.583870426751673,428.7970604514703,0.9886877828054299,79.0,565.0,969.0,1357.0,715929.0,730323.0
440.28745783120394,7.598130550701171,429.6239775530994,0.9928355957767723,77.0,566.0,970.0,1358.0,715929.0,731809.0
441.28753199707717,7.615641003008932,430.59611954167485,0.9909502262443439,74.0,568.0,973.0,1359.0,716410.0,733470.0
442.28757699532434,7.6316428310237825,431.58357780985534,0.9928355957767723,72.0,568.0,975.0,1361.0,717399.0,735074.0
443.2876507733017,7.646701616235077,432.5551724541001,0.9917043740573153,70.0,568.0,976.0,1363.0,717918.0,736627.0
444.2877004193142,7.661456826608628,433.52571178693324,0.9932126696832579,68.0,568.0,977.0,1365.0,718444.0,738142.0
445.2877489239909,7.676074736751616,434.51155082089826,0.9822775263951734,66.0,567.0,979.0,1368.0,719493.0,739615.0
446.2878185263835,7.690676148980856,435.51026678597555,0.9909502262443439,65.0,566.0,980.0,1370.0,720954.0,741056.0
447.28786686621606,7.704645313322544,436.48853789363056,0.9811463046757164,63.0,565.0,981.0,1373.0,721911.0,742463.0
448.2879253360443,7.718824691139162,437.47217897325754,0.9973604826546003,63.0,563.0,982.0,1375.0,723228.0,743853.0
449.28797686612234,7.7324468260630965,438.43857903638855,0.994343891402715,63.0,559.0,983.0,1379.0,725284.0,745154.0
450.2880311473273,7.74657762888819,439.44795326981694,0.9901960784313726,63.0,555.0,984.0,1383.0,727176.0,746524.0
451.288081120234,7.760078161023557,440.41107985237613,0.9698340874811463,63.0,550.0,984.0,1388.0,728949.0,747844.0
452.28814817313105,7.774210209958255,441.40310815675184,0.9898190045248869,68.0,540.0,984.0,1393.0,731573.0,749214.0
453.28819970600307,7.789502212777734,442.38864983059466,0.8585972850678734,66.0,529.0,984.0,1406.0,734559.0,750627.0
454.288249343168,7.807213776279241,443.33125875145197,0.6134992458521871,73.0,496.0,984.0,1432.0,743047.0,751873.0
455.2883227150887,7.826492778491229,444.332535632886,0.8431372549019608,106.0,462.0,984.0,1433.0,751548.0,753646.0
456.288387730252,7.8472068277187645,445.310370891355,0.9992458521870287,123.0,445.0,985.0,1433.0,756543.0,755881.0
457.28843322210014,7.869994756765664,446.3043521391228,0.9939668174962293,113.0,455.0,994.0,1433.0,756543.0,758478.0
458.28850293625146,7.890521270688623,447.26176031539217,0.9935897435897436,107.0,460.0,1001.0,1434.0,756848.0,760779.0
459.28855495899916,7.907946770545095,448.24196350667626,0.9924585218702866,101.0,466.0,1006.0,1434.0,756848.0,762659.0
460.2886061053723,7.9288968639448285,449.2255485942587,0.9924585218702866,96.0,470.0,1011.0,1435.0,756848.0,764825.0
461.2886693160981,7.949119997676462,450.19284488167614,0.9969834087481146,91.0,475.0,1016.0,1435.0,756848.0,766886.0
462.288742733188,7.967094510793686,451.17349706590176,0.9950980392156863,87.0,478.0,1020.0,1436.0,757237.0,768843.0
463.28881649533287,7.984235675539821,452.14895829418674,0.9917043740573153,83.0,481.0,1024.0,1437.0,757662.0,770708.0
464.288865827024,8.001068440731615,453.1248926836997,0.994343891402715,80.0,483.0,1027.0,1438.0,758101.0,772499.0
465.2889159792103,8.018534617032856,454.1270113172941,0.9743589743589743,75.0,487.0,1031.0,1439.0,758101.0,774297.0
466.2889697281644,8.034968636929989,455.0985116343945,0.9837858220211161,73.0,488.0,1034.0,1440.0,758577.0,775944.0
467.28901921538636,8.050015988294035,456.0697250678204,0.9886877828054299,71.0,489.0,1035.0,1441.0,759076.0,777531.0
468.2890968499705,8.065744526684284,457.0575485252775,0.9898190045248869,69.0,489.0,1037.0,1443.0,760124.0,779073.0
469.2891464601271,8.080897783860564,458.06826882250607,0.9826546003016591,67.0,488.0,1037.0,1446.0,760638.0,780636.0
470.2892158222385,8.094889907166362,459.0375390178524,0.9924585218702866,66.0,487.0,1037.0,1448.0,761130.0,782094.0
471.28926721727476,8.109002941753715,460.01919708261266,0.9826546003016591,64.0,486.0,1038.0,1451.0,762110.0,783521.0
472.2893173471093,8.1235246588476,461.0059441658668,0.9935897435897436,64.0,483.0,1038.0,1454.0,763495.0,784923.0
473.28939093695953,8.138577474281192,462.00378713803366,0.9852941176470589,63.0,480.0,1039.0,1458.0,765216.0,786325.0
474.2894395980984,8.152949747163802,462.97674647532403,0.9826546003016591,62.0,478.0,1040.0,1461.0,766037.0,787707.0
475.28951387433335,8.166523679625243,463.9683502125554,0.9864253393665159,61.0,477.0,1041.0,1463.0,767270.0,789065.0
476.28956361906603,8.180200523231179,464.95326556591317,0.9901960784313726,63.0,470.0,1041.0,1468.0,769895.0,790355.0
477.28961305040866,8.193650111556053,465.9022020287812,0.9928355957767723,66.0,462.0,1041.0,1473.0,772565.0,791640.0
478.2896841391921,8.209814887028188,466.89474360924214,0.7662141779788838,66.0,440.0,1041.0,1495.0,777964.0,792946.0
479.2897334541194,8.22737240511924,467.86459066625684,0.6998491704374057,84.0,405.0,1041.0,1512.0,786840.0,794327.0
480.2897836933844,8.246527116280049,468.8483051764779,0.9309954751131222,115.0,374.0,1041.0,1512.0,794735.0,796192.0
481.28983521834016,8.268342840019614,469.8153864326887,0.9939668174962293,118.0,370.0,1044.0,1513.0,797146.0,798587.0
482.2898850780912,8.290333344601095,470.81154313264415,0.998868778280543,110.0,378.0,1053.0,1513.0,797146.0,801095.0
483.2899479912594,8.31174588482827,471.8044159668498,0.994343891402715,102.0,386.0,1060.0,1513.0,797146.0,803429.0
484.28999966708943,8.331955063156784,472.76040539518,0.9935897435897436,97.0,390.0,1065.0,1514.0,797470.0,805530.0
485.290053319186,8.35224297689274,473.7428937959485,0.9996229260935143,93.0,393.0,1070.0,1515.0,797822.0,807619.0
486.29010166507214,8.368703769985586,474.57750578736886,0.9932126696832579,89.0,396.0,1073.0,1516.0,797822.0,809339.0
487.29015079140663,8.38594467472285,475.6830344130285,0.9894419306184012,86.0,397.0,1076.0,1518.0,798622.0,811175.0
488.2902262681164,8.40325333410874,476.66046492708847,0.997737556561086,83.0,399.0,1079.0,1519.0,799043.0,813033.0
489.2902771322988,8.420789802446961,477.6798331104219,0.9992458521870287,80.0,401.0,1082.0,1520.0,799485.0,814898.0
490.2903306852095,8.437802138738334,478.6524201682769,0.9894419306184012,76.0,404.0,1086.0,1521.0,799948.0,816612.0
491.2903991942294,8.454130557365716,479.62478345027193,0.9901960784313726,74.0,404.0,1087.0,1523.0,800428.0,818264.0
492.2904688701965,8.469627963379025,480.58162372605875,0.9856711915535445,71.0,406.0,1089.0,1524.0,800428.0,819863.0
493.29052750812843,8.484829461667687,481.59712821943685,0.9932126696832579,69.0,407.0,1091.0,1525.0,800972.0,821474.0
494.290599306114,8.499586825724691,482.5683252806775,0.9901960784313726,67.0,407.0,1093.0,1527.0,801536.0,822963.0
495.2906485949643,8.515472374856472,483.5682602627203,0.9834087481146304,65.0,406.0,1094.0,1530.0,803177.0,824412.0
496.2906992989592,8.529303011018783,484.54978127451614,0.9920814479638009,64.0,405.0,1095.0,1532.0,804217.0,825831.0
497.29074810026214,8.543310746084899,485.52571534877643,0.9939668174962293,63.0,403.0,1095.0,1535.0,805214.0,827216.0
498.29080073721707,8.557278346735984,486.512015751563,0.9856711915535445,62.0,400.0,1095.0,1539.0,806590.0,828582.0
499.2908674310893,8.571166831534356,487.4835070348345,0.9913273001508296,61.0,399.0,1096.0,1541.0,807472.0,829938.0
500.2909168479964,8.584769517183304,488.48651280021295,0.970211161387632,60.0,395.0,1096.0,1546.0,809090.0,831271.0
501.2909785080701,8.598340773954988,489.4461868479848,0.9913273001508296,65.0,385.0,1096.0,1551.0,812372.0,832517.0
502.29102784907445,8.61277175694704,490.4428587798029,0.9864253393665159,69.0,375.0,1096.0,1557.0,815445.0,833904.0
503.2911036652513,8.630052328575402,491.3939489675686,0.6644042232277527,67.0,349.0,1096.0,1585.0,821648.0,835177.0
504.29115424631163,8.647974212188274,492.36647352809086,0.7665912518853695,94.0,314.0,1096.0,1593.0,830391.0,836699.0
505.29120493726805,8.6671899324283,493.32237772038206,0.9841628959276019,124.0,283.0,1096.0,1594.0,838114.0,838734.0
506.29128006100655,8.690957757644355,494.34946153406054,0.994343891402715,118.0,288.0,1102.0,1595.0,839001.0,841278.0
507.29132815031335,8.711911098100245,495.30039489781484,0.9962292609351433,110.0,296.0,1110.0,1595.0,839001.0,843678.0
508.29139204509556,8.733746451791376,496.30552299600095,0.995475113122172,104.0,301.0,1116.0,1596.0,839319.0,846021.0
509.2914421092719,8.754147007595748,497.24880580883473,0.9962292609351433,98.0,307.0,1122.0,1596.0,839319.0,848143.0
510.2914930493571,8.774838131852448,498.22417441476136,0.9958521870286576,93.0,311.0,1126.0,1597.0,839319.0,850344.0
511.29156502429396,8.794075090438128,499.20244696130976,0.9947209653092006,89.0,314.0,1130.0,1598.0,839700.0,852256.0
512.2916137352586,8.812669643200934,500.2224233839661,0.9935897435897436,85.0,317.0,1134.0,1599.0,840106.0,854258.0
513.2916672453284,8.82973463786766,501.19905990967527,0.9973604826546003,82.0,319.0,1137.0,1600.0,840537.0,856090.0
514.2917288690805,8.846674112603068,502.1719192704186,0.9981146304675717,79.0,321.0,1140.0,1601.0,840983.0,857855.0
515.2918002721854,9.020865069236606,502.97278909385204,0.9901960784313726,76.0,323.0,1142.0,1602.0,841452.0,859251.0
516.2918490041047,9.036931831855327,503.98912140214816,0.9898190045248869,73.0,325.0,1146.0,1603.0,841960.0,860964.0
517.2918993593194,9.052059632260352,504.961179506965,0.995475113122172,71.0,326.0,1148.0,1604.0,842477.0,862548.0
518.2919729701243,9.066652089823037,505.9332851623185,0.9996229260935143,69.0,327.0,1150.0,1605.0,843014.0,864081.0
519.2920464640483,9.081349164247513,506.93033481994644,0.9687028657616893,65.0,328.0,1151.0,1608.0,843014.0,865623.0
520.2920960411429,9.095424062106758,507.8862418984063,0.9898190045248869,65.0,326.0,1152.0,1610.0,844664.0,866997.0
521.2921670051292,9.110374234151095,508.86896897340193,0.9883107088989442,63.0,326.0,1153.0,1612.0,845744.0,868407.0
522.2922366512939,9.124288829509169,509.846695790533,0.9890648567119156,62.0,324.0,1154.0,1615.0,846773.0,869782.0
523.2923029093072,9.138359872624278,510.82348035555333,0.9815233785822021,61.0,321.0,1154.0,1619.0,847752.0,871135.0
524.292353359051,9.152592739090323,511.82261448539793,0.9834087481146304,61.0,317.0,1154.0,1623.0,849577.0,872471.0
525.2924038022757,9.16648300504312,512.8344975979999,0.9807692307692307,61.0,313.0,1154.0,1627.0,851628.0,873816.0
526.292453403119,9.179666158277541,513.7725537456572,0.9705882352941176,62.0,307.0,1154.0,1632.0,853853.0,875052.0
527.2925037313253,9.194418310187757,514.7512609660625,0.8974358974358975,62.0,297.0,1154.0,1642.0,856445.0,876383.0
528.2925552083179,9.212997066788375,515.748594188597,0.5735294117647058,65.0,263.0,1154.0,1673.0,865489.0,877580.0
529.2926286282018,9.231366318184882,516.729961797595,0.8246606334841629,100.0,228.0,1154.0,1673.0,874147.0,879197.0
530.2926776129752,9.251595211680979,517.7254335386679,0.9958521870286576,122.0,205.0,1154.0,1674.0,880505.0,881324.0
531.2927508191206,9.27324627712369,518.6831779028289,0.9950980392156863,115.0,211.0,1161.0,1675.0,880775.0,883804.0
532.2928014341742,9.294608536642045,519.6784011372365,0.9928355957767723,106.0,220.0,1169.0,1675.0,880775.0,886244.0
533.2928652092814,9.314768417272717,520.6340219117701,0.9932126696832579,101.0,224.0,1174.0,1676.0,881096.0,888419.0
534.2929418063723,9.335300710983574,521.6170351165347,0.9939668174962293,95.0,230.0,1181.0,1676.0,881096.0,890580.0
535.2929896791466,9.355687756557018,522.5981752513908,0.998868778280543,91.0,233.0,1185.0,1677.0,881454.0,892630.0
536.2930479873903,9.37387404916808,523.5908741485327,0.9894419306184012,87.0,235.0,1189.0,1679.0,882237.0,894580.0
537.2930976874195,9.390845336019993,524.5553379640914,0.9743589743589743,82.0,239.0,1193.0,1680.0,882237.0,896458.0
538.2931661363691,9.407713543158025,525.5281886914745,0.9909502262443439,80.0,240.0,1195.0,1681.0,882662.0,898255.0
539.2932166634127,9.424926444422454,526.5007118871436,0.9984917043740573,78.0,241.0,1197.0,1682.0,883124.0,899989.0
540.2932891380042,9.44234071066603,527.5166759598069,0.9898190045248869,74.0,244.0,1200.0,1683.0,883602.0,901737.0
541.2933390820399,9.458058161661029,528.4880781625398,0.9890648567119156,72.0,244.0,1202.0,1685.0,884098.0,903346.0
542.293388613034,9.472458969336003,529.4443969451822,0.9762443438914027,69.0,245.0,1203.0,1687.0,884098.0,904910.0
543.2934638992883,9.487581667955965,530.4569008881226,0.996606334841629,68.0,245.0,1204.0,1688.0,884635.0,906490.0
544.2935129352845,9.501284793019295,531.4102469696663,0.973604826546003,65.0,245.0,1204.0,1691.0,884635.0,907956.0
545.2935615712777,9.513604325708002,532.3981488328427,0.9898190045248869,65.0,243.0,1205.0,1693.0,886235.0,909127.0
546.2936343490146,9.527626488357782,533.3815698553808,0.9883107088989442,63.0,243.0,1207.0,1695.0,887241.0,910538.0
547.2936826311052,9.541379711125046,534.3575611761771,0.9762443438914027,61.0,242.0,1208.0,1698.0,888205.0,911916.0
548.2937388010323,9.555979736149311,535.378963642288,0.9958521870286576,61.0,240.0,1208.0,1700.0,889139.0,913322.0
549.2937900852412,9.56993864942342,536.3502463935874,0.9852941176470589,61.0,235.0,1208.0,1705.0,891248.0,914592.0
550.2938403743319,9.584561364725232,537.3471074472181,0.9751131221719457,63.0,227.0,1208.0,1711.0,894177.0,915894.0
551.2938925791532,9.598247705958784,538.3012775178067,0.97473604826546,64.0,222.0,1208.0,1715.0,895834.0,917250.0
552.2939409371465,9.613037900999188,539.2649089405313,0.8729260935143288,66.0,207.0,1208.0,1728.0,899585.0,918569.0
553.2940155384131,9.632445889990777,540.2534763035364,0.6082202111613877,74.0,171.0,1208.0,1756.0,908523.0,919877.0
554.2940637501888,9.651125194039196,541.250709565822,0.8491704374057315,107.0,138.0,1208.0,1756.0,917017.0,921657.0
555.294137656223,9.67243389505893,542.2215431244113,0.9935897435897436,122.0,123.0,1210.0,1756.0,921929.0,923910.0
556.2941874470562,9.695221525616944,543.2203646665439,0.9984917043740573,115.0,129.0,1218.0,1757.0,922187.0,926534.0
557.2942377100699,9.71560277370736,544.1702177361585,0.994343891402715,107.0,137.0,1225.0,1757.0,922187.0,928868.0
558.2942866510712,9.736557233612984,545.159910121467,0.9935897435897436,101.0,142.0,1231.0,1758.0,922187.0,931151.0
559.2943634823896,9.757218420505524,546.1440393864177,0.9924585218702866,95.0,148.0,1236.0,1758.0,922187.0,933319.0
560.2944123670459,9.776896578259766,547.1247999402694,0.9947209653092006,91.0,151.0,1241.0,1759.0,922553.0,935372.0
561.2944642533548,9.794848946854472,548.0911232167855,0.9845399698340875,86.0,155.0,1246.0,1760.0,922553.0,937323.0
562.2945160772651,9.812114101368934,549.0664403736591,0.9996229260935143,83.0,158.0,1249.0,1760.0,922962.0,939189.0
563.2945922510698,9.82878490909934,550.0266799861565,0.9996229260935143,80.0,160.0,1251.0,1761.0,922962.0,940968.0
564.2946419711225,9.846642172895372,551.04431416234,0.9924585218702866,76.0,163.0,1255.0,1762.0,923438.0,942751.0
565.2947048190981,9.862769178114831,552.0176648246124,0.9992458521870287,74.0,164.0,1257.0,1763.0,923921.0,944397.0
566.2947545549832,9.87853203015402,553.0032899039797,0.9705882352941176,70.0,165.0,1260.0,1766.0,924938.0,945987.0
567.2948264540173,9.893249484710395,553.990863644518,0.9875565610859729,69.0,165.0,1262.0,1767.0,926004.0,947531.0
568.29488026537,9.908034696709365,554.9606128726155,0.9849170437405732,67.0,165.0,1263.0,1769.0,926558.0,949027.0
569.2949274871498,9.92215583147481,555.9461064585485,0.997737556561086,66.0,164.0,1264.0,1771.0,927628.0,950487.0
570.2950017531402,9.936142911203206,556.9279724662192,0.969079939668175,63.0,163.0,1265.0,1775.0,928665.0,951908.0
571.2950445730239,9.94989445945248,557.9148809695616,0.979260935143288,63.0,160.0,1265.0,1778.0,930056.0,953310.0
572.2950958991423,9.964076672680676,558.8780971807428,0.9950980392156863,62.0,160.0,1266.0,1779.0,930537.0,954687.0
573.2951492280699,9.978350489865988,559.8662517787889,0.9837858220211161,61.0,157.0,1267.0,1783.0,931900.0,956028.0
574.2952272603288,9.991948063485324,560.8636914375238,0.9720965309200603,60.0,154.0,1267.0,1787.0,933574.0,957367.0
575.2952770320699,10.0055190352723,561.8542032041587,0.994343891402715,63.0,147.0,1267.0,1791.0,936247.0,958667.0
576.2953264182433,10.01998030161485,562.8460597628728,0.9913273001508296,65.0,140.0,1268.0,1796.0,939011.0,959990.0
577.2953742002137,10.03745261253789,563.7937337611802,0.6557315233785822,61.0,115.0,1268.0,1825.0,945334.0,961155.0
578.295448040124,10.053129930980504,564.7938889372163,0.6760935143288085,82.0,83.0,1268.0,1836.0,953376.0,962348.0
579.2955164914019,10.07242114841938,565.7692334465683,0.9061085972850679,113.0,52.0,1268.0,1836.0,961314.0,964170.0
580.2956751370803,10.09426207980141,566.7526445677504,0.9890648567119156,119.0,45.0,1272.0,1837.0,964534.0,966566.0
581.2957255239598,10.115576333366334,567.7037047627382,0.9928355957767723,111.0,53.0,1279.0,1837.0,964534.0,968998.0
582.295799375046,10.136828981339931,568.6974761458114,0.9947209653092006,104.0,60.0,1287.0,1837.0,964534.0,971371.0
583.2958530960605,10.157949653919786,569.6856246339157,0.9743589743589743,96.0,67.0,1293.0,1838.0,964534.0,973588.0
584.295902763959,10.177809663116932,570.6281109009869,0.9962292609351433,93.0,70.0,1298.0,1838.0,964877.0,975594.0
585.2959542060271,10.197386381216347,571.6382372723892,0.997737556561086,89.0,73.0,1301.0,1839.0,964877.0,977680.0
586.2960275360383,10.215861855074763,572.659197291825,0.9913273001508296,85.0,75.0,1304.0,1841.0,965269.0,979677.0
587.2960768672638,10.231760708615184,573.5795480748639,0.9894419306184012,81.0,79.0,1307.0,1841.0,965269.0,981431.0
588.2961316411383,10.248606566339731,574.5396511931904,0.9992458521870287,78.0,82.0,1311.0,1841.0,965269.0,983182.0
589.2961817332543,10.265526885166764,575.5386335747316,0.9928355957767723,75.0,83.0,1312.0,1843.0,965269.0,984928.0
590.2962322123349,10.281655074562877,576.5098408139311,0.9928355957767723,73.0,83.0,1313.0,1845.0,965732.0,986555.0
591.2962829112075,10.297246681526303,577.5099885561503,0.9837858220211161,70.0,84.0,1314.0,1847.0,965732.0,988204.0
592.2963354219683,10.311881416942924,578.4811346656643,0.9822775263951734,68.0,84.0,1315.0,1849.0,966275.0,989730.0
593.2964085200801,10.326855382882059,579.4633729676716,0.9871794871794872,67.0,82.0,1315.0,1852.0,967244.0,991213.0
594.2964811930433,10.34122530091554,580.461581543088,0.9864253393665159,65.0,82.0,1316.0,1854.0,967267.0,992733.0
595.2965315533802,10.355387293733656,581.4405315546319,0.9819004524886877,63.0,82.0,1317.0,1856.0,968253.0,994140.0
596.2965847221203,10.36977677186951,582.4257492623292,0.9932126696832579,63.0,79.0,1317.0,1859.0,969606.0,995522.0
597.2966396049596,10.38354678452015,583.4031513561495,0.997737556561086,62.0,78.0,1318.0,1861.0,970498.0,996888.0
598.2966916803271,10.39751295838505,584.3704742318951,0.9860482654600302,62.0,73.0,1319.0,1866.0,972631.0,998170.0
599.2967414841987,10.411343114450574,585.3728372668847,0.9883107088989442,64.0,66.0,1319.0,1871.0,975589.0,999483.0
600.2968160063028,10.426410020329058,586.3602653373964,0.9875565610859729,68.0,56.0,1319.0,1877.0,978191.0,0
601.2968675992452,10.440451765898615,587.3335752170533,0.9901960784313726,70.0,50.0,1319.0,1881.0,980432.0,0
602.2969453400001,10.458729072939605,588.2971995738335,0.6202865761689291,68.0,20.0,1319.0,1913.0,987679.0,0
603.2970045171678,10.477165690157562,589.2986959228292,0.7107843137254901,84.0,0.0,1319.0,1917.0,993207.0,0
604.2970543331467,10.493467462714761,590.2805473278277,0.7352941176470589,83.0,0.0,1319.0,1918.0,993207.0,0
605.2971047791652,10.511743017472327,591.2466958295554,0.7846907993966817,83.0,0.0,1319.0,1918.0,993207.0,0
606.2971803792752,10.530119685456157,592.2394694918767,0.8333333333333334,83.0,0.0,1319.0,1918.0,993207.0,0
607.2972268662415,10.548022780101746,593.2180579812266,0.8804675716440422,83.0,0.0,1319.0,1918.0,993207.0,0
608.2972856261767,10.565491752699018,594.172710062936,0.9064856711915535,82.0,0.0,1319.0,1919.0,993207.0,0
609.2973365220241,10.583041646052152,595.1894221282564,0.9532428355957767,82.0,0.0,1319.0,1919.0,993207.0,0
610.2973896684125,10.599933788180351,596.1333816698752,0.9581447963800905,80.0,0.0,1319.0,1921.0,993207.0,0
611.2974394652992,10.61773446528241,597.1252148989588,0.9852941176470589,79.0,0.0,1319.0,1922.0,993207.0,0
612.2974968291819,10.635430600494146,598.1259178589098,0.995475113122172,77.0,1.0,1320.0,1923.0,993207.0,0
613.2975667873397,10.652001305483282,599.0995360799134,0.9883107088989442,74.0,2.0,1322.0,1925.0,993688.0,0
614.2976166279987,10.667695087846369,600.0554060754366,0.9879336349924586,72.0,2.0,1323.0,1927.0,993688.0,0
615.2976900152862,10.682528133504093,601.0693465350196,0.9958521870286576,70.0,3.0,1324.0,1928.0,994198.0,0
616.2977399872616,10.696649650111794,602.0410320563242,0.9830316742081447,67.0,4.0,1326.0,1930.0,994741.0,0
617.2977931671776,10.710223861970007,603.0096038901247,0.9743589743589743,65.0,3.0,1326.0,1933.0,995294.0,0
618.2978647672571,10.723930750973523,603.9924451215193,0.9958521870286576,65.0,1.0,1326.0,1935.0,996285.0,0
619.2979137501679,10.737488619051874,604.9694082238711,0.9849170437405732,63.0,0.0,1327.0,1938.0,997238.0,0
620.2979647181928,10.751489164773375,605.9896531705745,0.9457013574660633,59.0,0.0,1327.0,1942.0,997238.0,0
621.2980151614174,10.763492808677256,606.9453585273586,0.8857466063348416,54.0,0.0,1327.0,1947.0,997238.0,0
622.2980653271079,10.776115991640836,607.9603446144611,0.8797134238310709,52.0,0.0,1327.0,1949.0,997238.0,0
623.2981312000193,10.78765931725502,608.9492678432725,0.798265460030166,46.0,0.0,1327.0,1955.0,997238.0,0
624.2981811431237,10.799973924644291,609.9309092978947,0.6240573152337858,35.0,0.0,1327.0,1966.0,997238.0,0
625.2982427552342,10.812119191046804,610.9155797222629,0.04788838612368029,3.0,0.0,1327.0,1998.0,997238.0,0
626.2982932440937,10.815760527737439,611.9164073928259,0.05128205128205132,3.0,0.0,1327.0,1998.0,997238.0,0
627.2983675999567,10.81885058991611,612.8976941360161,0.03506787330316741,2.0,0.0,1327.0,1999.0,997238.0,0
628.298428856302,10.821431576739997,613.8965294566005,0.018476621417797934,1.0,0.0,1327.0,2000.0,997238.0,0
629.2985008023679,10.82148046977818,613.9364460255019,0.0,0.0,0.0,1327.0,2001.0,997238.0,0
630.2985760713927,10.82148046977818,613.9364460255019,0.0,0.0,0.0,1327.0,2001.0,997238.0,0
631.2986276862212,10.82148046977818,613.9364460255019,0.0,0.0,0.0,1327.0,2001.0,997238.0,0
632.2986790919676,10.82148046977818,613.9364460255019,0.0,0.0,0.0,1327.0,2001.0,997238.0,0
633.2987514040433,10.82148046977818,613.9364460255019,0.0,0.0,0.0,1327.0,2001.0,997238.0,0
634.298803747166,10.82148046977818,613.9364460255019,0.0,0.0,0.0,1327.0,2001.0,997238.0,0
635.2988565992564,10.82148046977818,613.9364460255019,0.0,0.0,0.0,1327.0,2001.0,997238.0,0
636.2989068343304,10.82148046977818,613.9364460255019,0.0,0.0,0.0,1327.0,2001.0,997238.0,0
637.2989591592923,10.82148046977818,613.9364460255019,0.0,0.0,0.0,1327.0,2001.0,997238.0,0
638.2990441219881,10.82148046977818,613.9364460255019,0.0,0.0,0.0,1327.0,2001.0,997238.0,0
639.2991187092848,10.82148046977818,613.9364460255019,0.0,0.0,0.0,1327.0,2001.0,997238.0,0
640.2991929743439,10.82148046977818,613.9364460255019,0.0,0.0,0.0,1327.0,2001.0,997238.0,0
641.2992460480891,10.82148046977818,613.9364460255019,0.0,0.0,0.0,1327.0,2001.0,997238.0,0
642.2993097882718,10.82148046977818,613.9364460255019,0.0,0.0,0.0,1327.0,2001.0,997238.0,0
643.2994108512066,10.82148046977818,613.9364460255019,0.0,0.0,0.0,1327.0,2001.0,997238.0,0
