time,gpu,pwr,gtemp,mtemp,sm,mem,enc,dec,jpg,ofa,mclk,pclk,pviol,tviol,rxpci,txpci
s,Idx,W,C,C,%,%,%,%,%,%,MHz,MHz,%,bool,MB/s,MB/s
0.15545315807685256,0,180,47,58,0,0,0,0,0,0,1593,1965,0,0,29,1
1.2219928898848593,0,175,42,57,44,41,0,0,0,0,1593,1965,0,0,0,0
2.222077750135213,0,195,53,58,65,61,0,0,0,0,1593,1905,0,0,35,12
3.222156222909689,0,304,47,63,88,91,0,0,0,0,1593,1980,0,0,27,14
4.222225760109723,0,328,48,65,97,100,0,0,0,0,1593,1980,0,0,27,11
5.2222928600385785,0,352,48,64,96,100,0,0,0,0,1593,1980,0,0,28,11
6.222359812818468,0,337,48,64,96,100,0,0,0,0,1593,1980,0,0,28,14
7.222431785892695,0,346,48,65,97,100,0,0,0,0,1593,1980,0,0,25,14
8.222497784066945,0,339,48,64,96,100,0,0,0,0,1593,1980,0,0,27,12
9.222564022988081,0,339,48,65,96,100,0,0,0,0,1593,1980,0,0,27,12
10.222633881960064,0,342,48,65,96,100,0,0,0,0,1593,1980,0,0,26,11
11.222706963773817,0,342,48,65,96,100,0,0,0,0,1593,1980,0,0,26,12
12.222787044011056,0,352,48,65,96,100,0,0,0,0,1593,1980,0,0,29,13
13.222855085972697,0,335,48,65,96,100,0,0,0,0,1593,1980,0,0,57,13
14.222926888149232,0,337,48,65,97,100,0,0,0,0,1593,1980,0,0,26,11
15.222992186900228,0,339,48,65,96,100,0,0,0,0,1593,1980,0,0,27,14
16.223057969938964,0,340,49,66,96,100,0,0,0,0,1593,1980,0,0,28,13
17.223130859900266,0,338,48,65,96,100,0,0,0,0,1593,1980,0,0,31,12
18.223201885819435,0,337,49,65,96,99,0,0,0,0,1593,1980,0,0,31,12
19.223266997840255,0,342,48,66,96,100,0,0,0,0,1593,1980,0,0,29,13
20.223333625122905,0,340,48,65,96,100,0,0,0,0,1593,1980,0,0,28,13
21.223404231946915,0,345,51,65,96,100,0,0,0,0,1593,1980,0,0,26,14
22.22347362805158,0,339,49,65,96,100,0,0,0,0,1593,1980,0,0,28,15
23.223548461217433,0,344,49,66,97,100,0,0,0,0,1593,1980,0,0,29,12
24.223622296005487,0,339,49,66,96,100,0,0,0,0,1593,1980,0,0,25,11
25.223696324042976,0,340,49,65,96,100,0,0,0,0,1593,1980,0,0,26,13
26.22376654483378,0,343,49,66,96,100,0,0,0,0,1593,1980,0,0,26,13
27.2238411991857,0,381,53,65,97,95,0,0,0,0,1593,1935,0,0,27,11
28.223909786902368,0,371,49,66,97,100,0,0,0,0,1593,1980,0,0,26,12
29.223979329224676,0,341,49,66,97,100,0,0,0,0,1593,1980,0,0,51,14
30.224051516968757,0,342,49,67,96,100,0,0,0,0,1593,1980,0,0,27,11
31.224139042198658,0,343,49,65,97,100,0,0,0,0,1593,1980,0,0,29,11
32.2242083591409,0,345,49,66,97,100,0,0,0,0,1593,1980,0,0,26,12
33.22427748097107,0,337,49,65,96,100,0,0,0,0,1593,1980,0,0,30,12
34.22435262100771,0,337,49,66,97,100,0,0,0,0,1593,1980,0,0,26,11
35.224422291852534,0,348,49,66,96,100,0,0,0,0,1593,1980,0,0,25,14
36.22449790779501,0,343,49,66,97,100,0,0,0,0,1593,1980,0,0,25,11
37.224566772114486,0,338,49,66,96,99,0,0,0,0,1593,1980,0,0,26,11
38.2246358608827,0,334,49,66,96,100,0,0,0,0,1593,1980,0,0,26,11
39.224711063783616,0,338,49,65,96,100,0,0,0,0,1593,1980,0,0,27,11
40.224782074801624,0,340,49,65,97,100,0,0,0,0,1593,1980,0,0,33,11
41.224851987790316,0,340,49,65,96,97,0,0,0,0,1593,1980,0,0,32,12
42.22493414906785,0,339,49,66,96,100,0,0,0,0,1593,1980,0,0,27,11
43.22500994801521,0,335,49,65,96,100,0,0,0,0,1593,1980,0,0,31,13
44.225080103147775,0,347,49,67,96,100,0,0,0,0,1593,1980,0,0,25,11
45.225155495107174,0,335,49,65,96,100,0,0,0,0,1593,1980,0,0,26,11
46.225226200185716,0,343,49,66,96,100,0,0,0,0,1593,1980,0,0,26,13
47.22530175186694,0,338,49,66,97,100,0,0,0,0,1593,1980,0,0,28,13
48.22537701902911,0,341,49,65,97,100,0,0,0,0,1593,1980,0,0,27,12
49.225446828175336,0,342,49,66,97,100,0,0,0,0,1593,1980,0,0,32,11
50.22551665594801,0,346,49,66,96,100,0,0,0,0,1593,1980,0,0,27,11
51.22559377318248,0,342,49,66,97,100,0,0,0,0,1593,1980,0,0,28,15
52.225668233819306,0,343,49,66,97,100,0,0,0,0,1593,1980,0,0,25,12
53.22573761502281,0,341,50,66,96,100,0,0,0,0,1593,1980,0,0,24,12
54.2258086130023,0,347,49,66,96,100,0,0,0,0,1593,1980,0,0,31,12
55.22588349878788,0,340,49,66,97,100,0,0,0,0,1593,1980,0,0,31,11
56.2259588688612,0,343,49,66,97,100,0,0,0,0,1593,1980,0,0,32,11
57.2260337471962,0,365,52,66,96,99,0,0,0,0,1593,1980,0,0,28,11
58.22611055197194,0,340,49,66,96,100,0,0,0,0,1593,1980,0,0,54,14
59.226186140906066,0,357,49,66,96,99,0,0,0,0,1593,1980,0,0,26,11
60.226262166164815,0,338,49,66,96,100,0,0,0,0,1593,1980,0,0,32,13
61.22633111383766,0,343,50,66,97,95,0,0,0,0,1593,1965,0,0,29,12
62.226406634785235,0,345,49,68,97,100,0,0,0,0,1593,1980,0,0,24,13
63.2264732690528,0,355,49,66,96,100,0,0,0,0,1593,1980,0,0,31,13
64.22654937719926,0,351,49,66,97,100,0,0,0,0,1593,1980,0,0,32,11
65.22662140196189,0,342,49,65,97,100,0,0,0,0,1593,1980,0,0,26,11
66.22669625189155,0,359,49,67,96,100,0,0,0,0,1593,1980,0,0,27,11
67.22676661377773,0,344,49,65,97,100,0,0,0,0,1593,1980,0,0,27,11
68.22684213286266,0,347,49,66,97,100,0,0,0,0,1593,1980,0,0,29,11
69.22691820794716,0,346,49,65,97,100,0,0,0,0,1593,1980,0,0,28,11
70.2269915738143,0,378,49,66,97,100,0,0,0,0,1593,1980,0,0,33,12
71.22705828398466,0,343,49,65,96,100,0,0,0,0,1593,1980,0,0,27,14
72.22712533501908,0,340,49,67,96,100,0,0,0,0,1593,1980,0,0,26,13
73.22719189384952,0,339,49,66,96,100,0,0,0,0,1593,1980,0,0,31,13
74.22726093884557,0,340,49,66,97,100,0,0,0,0,1593,1980,0,0,31,11
75.22732918988913,0,340,49,66,96,100,0,0,0,0,1593,1980,0,0,60,12
76.22739367000759,0,344,49,66,96,99,0,0,0,0,1593,1980,0,0,31,12
77.22745749587193,0,337,49,66,96,100,0,0,0,0,1593,1980,0,0,26,11
78.22752388520166,0,335,49,66,96,100,0,0,0,0,1593,1980,0,0,25,15
79.22758623212576,0,337,49,65,96,100,0,0,0,0,1593,1980,0,0,27,11
80.22765314113349,0,336,49,66,97,100,0,0,0,0,1593,1980,0,0,26,11
81.22772212792188,0,353,49,66,96,100,0,0,0,0,1593,1980,0,0,31,12
82.22779117710888,0,336,49,66,96,100,0,0,0,0,1593,1980,0,0,28,13
83.22785635013133,0,336,49,66,96,100,0,0,0,0,1593,1980,0,0,25,11
84.22792231291533,0,337,49,66,97,100,0,0,0,0,1593,1980,0,0,29,11
85.22797405719757,0,344,49,66,96,100,0,0,0,0,1593,1980,0,0,25,14
86.22803529817611,0,340,49,66,97,100,0,0,0,0,1593,1980,0,0,27,13
87.22810203488916,0,342,49,66,96,100,0,0,0,0,1593,1980,0,0,31,11
88.22814966691658,0,424,55,67,97,95,0,0,0,0,1593,1875,0,0,27,12
89.22819861583412,0,343,49,66,96,100,0,0,0,0,1593,1980,0,0,26,11
90.22826841799542,0,346,49,66,97,100,0,0,0,0,1593,1980,0,0,31,11
91.22832010919228,0,344,49,67,97,100,0,0,0,0,1593,1980,0,0,26,12
92.22837155777961,0,344,49,67,97,100,0,0,0,0,1593,1980,0,0,32,12
93.22844032384455,0,340,49,66,96,99,0,0,0,0,1593,1980,0,0,26,14
94.22851157002151,0,340,49,67,96,99,0,0,0,0,1593,1980,0,0,27,11
95.22855987213552,0,340,49,66,96,100,0,0,0,0,1593,1980,0,0,25,11
96.22862803982571,0,341,49,66,96,100,0,0,0,0,1593,1980,0,0,47,13
97.22867792984471,0,340,49,65,97,100,0,0,0,0,1593,1980,0,0,27,13
98.22873832285404,0,339,50,66,97,100,0,0,0,0,1593,1980,0,0,26,12
99.22880474710837,0,338,49,66,96,99,0,0,0,0,1593,1980,0,0,27,13
100.22885352093726,0,336,49,66,96,99,0,0,0,0,1593,1980,0,0,26,12
101.22890749620274,0,337,49,66,96,99,0,0,0,0,1593,1980,0,0,27,12
102.2289946298115,0,336,49,66,96,98,0,0,0,0,1593,1980,0,0,28,11
103.22904195077717,0,339,53,66,97,99,0,0,0,0,1593,1980,0,0,27,11
104.22909173881635,0,340,49,66,96,99,0,0,0,0,1593,1980,0,0,30,11
105.22915958799422,0,338,49,66,97,100,0,0,0,0,1593,1980,0,0,28,13
106.2292196340859,0,341,49,66,97,100,0,0,0,0,1593,1980,0,0,33,12
107.22926815599203,0,343,49,67,97,100,0,0,0,0,1593,1980,0,0,32,13
108.22933569503948,0,341,49,66,96,100,0,0,0,0,1593,1980,0,0,26,13
109.22938256012276,0,341,49,66,97,100,0,0,0,0,1593,1980,0,0,28,13
110.2294388380833,0,339,49,66,97,100,0,0,0,0,1593,1980,0,0,27,12
111.2295064101927,0,340,49,67,96,100,0,0,0,0,1593,1980,0,0,25,11
112.22955282777548,0,357,49,66,97,100,0,0,0,0,1593,1980,0,0,32,15
113.2296041091904,0,341,49,66,96,100,0,0,0,0,1593,1980,0,0,25,11
114.22967297909781,0,343,49,67,96,100,0,0,0,0,1593,1980,0,0,26,13
115.22974481014535,0,343,49,66,97,100,0,0,0,0,1593,1980,0,0,26,15
116.22981178108603,0,339,49,66,97,100,0,0,0,0,1593,1980,0,0,25,11
117.22988297790289,0,340,49,66,96,100,0,0,0,0,1593,1980,0,0,26,11
118.22995614400133,0,340,49,66,96,100,0,0,0,0,1593,1980,0,0,25,11
119.23002353217453,0,338,49,65,96,100,0,0,0,0,1593,1980,0,0,25,11
120.23009177809581,0,338,49,67,97,100,0,0,0,0,1593,1980,0,0,27,14
121.23015939677134,0,339,49,66,96,100,0,0,0,0,1593,1980,0,0,25,11
122.23023250792176,0,334,49,66,96,100,0,0,0,0,1593,1980,0,0,27,11
123.23029920877889,0,341,49,66,96,99,0,0,0,0,1593,1980,0,0,27,15
124.23037221003324,0,338,49,66,96,100,0,0,0,0,1593,1980,0,0,28,12
125.23044101707637,0,337,49,68,96,100,0,0,0,0,1593,1980,0,0,32,11
126.2305082171224,0,356,49,66,96,100,0,0,0,0,1593,1980,0,0,25,13
127.23058157321066,0,338,49,66,96,100,0,0,0,0,1593,1980,0,0,32,11
128.2306480021216,0,338,49,66,96,99,0,0,0,0,1593,1980,0,0,27,13
129.230721171014,0,337,49,65,96,100,0,0,0,0,1593,1980,0,0,26,21
130.23079433478415,0,335,49,65,96,100,0,0,0,0,1593,1980,0,0,31,12
131.23086714698002,0,338,49,65,96,99,0,0,0,0,1593,1980,0,0,25,12
132.23094040108845,0,337,49,65,96,99,0,0,0,0,1593,1980,0,0,26,13
133.23101336089894,0,339,49,66,96,100,0,0,0,0,1593,1980,0,0,25,11
134.23108130181208,0,337,51,66,96,100,0,0,0,0,1593,1980,0,0,36,15
135.23117084195837,0,313,45,62,46,48,0,0,0,0,1593,1980,0,0,24,15
136.23123997682706,0,311,49,66,97,100,0,0,0,0,1593,1980,0,0,30,12
137.23131414176896,0,366,50,65,96,100,0,0,0,0,1593,1980,0,0,61,13
138.23137653805315,0,348,49,66,96,100,0,0,0,0,1593,1980,0,0,32,11
139.23144644498825,0,339,49,65,96,100,0,0,0,0,1593,1980,0,0,30,12
140.23149871919304,0,348,49,65,96,100,0,0,0,0,1593,1980,0,0,27,11
141.23158158315346,0,344,49,66,96,100,0,0,0,0,1593,1980,0,0,32,11
142.2316488767974,0,332,49,66,96,100,0,0,0,0,1593,1980,0,0,25,12
143.23172160889953,0,336,49,66,96,100,0,0,0,0,1593,1980,0,0,30,11
144.2317953268066,0,346,49,66,96,99,0,0,0,0,1593,1980,0,0,26,13
145.23186937300488,0,337,49,66,96,100,0,0,0,0,1593,1980,0,0,25,11
146.23193716676906,0,337,49,66,97,100,0,0,0,0,1593,1980,0,0,29,12
147.2320055179298,0,338,49,66,97,100,0,0,0,0,1593,1980,0,0,30,12
148.232075098902,0,339,49,66,97,100,0,0,0,0,1593,1980,0,0,30,11
149.2321424591355,0,341,49,67,97,100,0,0,0,0,1593,1980,0,0,29,13
150.2322155800648,0,364,50,66,96,100,0,0,0,0,1593,1980,0,0,31,12
151.23228867491707,0,345,49,68,96,100,0,0,0,0,1593,1980,0,0,31,16
152.2323618400842,0,347,49,66,97,100,0,0,0,0,1593,1980,0,0,31,11
153.23243534611538,0,343,49,66,96,100,0,0,0,0,1593,1980,0,0,31,11
154.23250934295356,0,344,49,65,96,100,0,0,0,0,1593,1980,0,0,28,13
155.23257743520662,0,350,49,66,96,100,0,0,0,0,1593,1980,0,0,27,11
156.23266938189045,0,342,49,66,96,100,0,0,0,0,1593,1980,0,0,27,12
157.2327368957922,0,341,49,66,96,100,0,0,0,0,1593,1980,0,0,32,11
158.232812454924,0,339,49,66,96,100,0,0,0,0,1593,1980,0,0,30,12
159.23288632417098,0,342,49,65,96,100,0,0,0,0,1593,1980,0,0,27,12
160.2329561128281,0,348,49,66,96,100,0,0,0,0,1593,1980,0,0,30,12
161.2330333800055,0,332,49,66,96,99,0,0,0,0,1593,1980,0,0,30,12
162.23310278495774,0,329,49,66,96,99,0,0,0,0,1593,1980,0,0,28,11
163.23317122180015,0,368,52,66,96,100,0,0,0,0,1593,1980,0,0,25,13
164.23324632598087,0,341,49,66,96,100,0,0,0,0,1593,1980,0,0,29,13
165.23332145018503,0,368,50,66,96,100,0,0,0,0,1593,1965,0,0,26,11
166.23339535295963,0,377,52,66,97,94,0,0,0,0,1593,1950,0,0,31,11
167.23346440214664,0,376,49,66,97,100,0,0,0,0,1593,1980,0,0,31,13
168.2335342192091,0,343,49,65,96,100,0,0,0,0,1593,1980,0,0,25,11
169.23360886285082,0,343,49,66,96,100,0,0,0,0,1593,1980,0,0,27,11
170.23367882007733,0,352,49,66,97,100,0,0,0,0,1593,1980,0,0,31,12
171.23374823108315,0,347,49,65,97,100,0,0,0,0,1593,1980,0,0,32,12
172.23382270289585,0,345,49,66,96,100,0,0,0,0,1593,1980,0,0,26,11
173.233897713013,0,361,49,66,97,100,0,0,0,0,1593,1980,0,0,31,11
174.23397289402783,0,341,49,66,96,100,0,0,0,0,1593,1980,0,0,32,11
175.23404792882502,0,340,49,66,96,100,0,0,0,0,1593,1980,0,0,30,12
176.2341223647818,0,342,49,66,97,100,0,0,0,0,1593,1980,0,0,32,11
177.23419610178098,0,344,49,66,97,100,0,0,0,0,1593,1980,0,0,27,11
178.23427117895335,0,340,49,66,97,100,0,0,0,0,1593,1980,0,0,27,11
179.23434055410326,0,346,49,66,97,100,0,0,0,0,1593,1980,0,0,25,13
180.23441655607894,0,339,49,66,96,100,0,0,0,0,1593,1980,0,0,30,11
181.2344901561737,0,345,49,66,97,100,0,0,0,0,1593,1980,0,0,25,12
182.23456590110436,0,389,51,67,96,99,0,0,0,0,1593,1980,0,0,25,11
183.23464079294354,0,351,50,67,96,100,0,0,0,0,1593,1980,0,0,26,13
184.2347096358426,0,343,49,67,97,100,0,0,0,0,1593,1980,0,0,31,11
185.23478483920917,0,344,49,67,96,100,0,0,0,0,1593,1980,0,0,31,12
186.2348476969637,0,337,49,66,97,100,0,0,0,0,1593,1980,0,0,27,11
187.23491633078083,0,339,49,66,97,100,0,0,0,0,1593,1980,0,0,27,11
188.2349849571474,0,343,49,65,96,100,0,0,0,0,1593,1980,0,0,25,12
189.235058571212,0,340,52,66,96,100,0,0,0,0,1593,1950,0,0,31,11
190.23513247678056,0,341,49,67,96,99,0,0,0,0,1593,1980,0,0,26,13
191.2352021439001,0,374,52,65,97,94,0,0,0,0,1593,1965,0,0,26,14
192.2353219599463,0,342,49,66,97,100,0,0,0,0,1593,1980,0,0,29,11
193.23537473287433,0,343,49,66,96,100,0,0,0,0,1593,1980,0,0,55,15
194.2354447771795,0,345,50,68,96,100,0,0,0,0,1593,1980,0,0,26,11
195.23549524415284,0,350,50,67,96,99,0,0,0,0,1593,1980,0,0,27,12
196.2355474177748,0,341,49,68,97,100,0,0,0,0,1593,1980,0,0,26,11
197.23559913085774,0,341,49,67,96,100,0,0,0,0,1593,1980,0,0,25,11
198.23566240491346,0,340,49,67,96,99,0,0,0,0,1593,1980,0,0,27,11
199.23573369113728,0,339,49,66,96,100,0,0,0,0,1593,1980,0,0,26,12
200.23578346520662,0,340,49,66,96,100,0,0,0,0,1593,1980,0,0,27,15
201.23583390377462,0,342,49,68,96,100,0,0,0,0,1593,1980,0,0,26,12
202.2359081208706,0,344,49,66,96,100,0,0,0,0,1593,1980,0,0,25,13
203.2359586819075,0,341,49,66,96,100,0,0,0,0,1593,1980,0,0,27,12
204.23601212585345,0,337,49,66,96,100,0,0,0,0,1593,1980,0,0,27,11
205.23608425399289,0,338,49,66,96,100,0,0,0,0,1593,1980,0,0,29,13
206.23615931719542,0,354,49,66,97,100,0,0,0,0,1593,1980,0,0,27,12
207.2362344241701,0,336,49,66,96,100,0,0,0,0,1593,1980,0,0,27,14
208.23631027992815,0,338,49,66,96,100,0,0,0,0,1593,1980,0,0,30,12
209.2363854427822,0,337,49,66,96,100,0,0,0,0,1593,1980,0,0,32,12
210.2364553580992,0,335,49,65,96,100,0,0,0,0,1593,1980,0,0,26,12
211.236524481792,0,337,49,66,96,100,0,0,0,0,1593,1980,0,0,26,11
212.236598955933,0,365,49,66,96,100,0,0,0,0,1593,1980,0,0,30,12
213.23667397303507,0,340,49,66,96,100,0,0,0,0,1593,1980,0,0,26,11
214.23674292583019,0,349,49,66,96,100,0,0,0,0,1593,1980,0,0,26,13
215.23681760579348,0,337,49,66,96,100,0,0,0,0,1593,1980,0,0,27,13
216.2368876338005,0,338,49,66,96,100,0,0,0,0,1593,1980,0,0,27,11
217.23695681104437,0,336,56,67,96,100,0,0,0,0,1593,1980,0,0,27,11
218.23702577408403,0,335,49,65,96,100,0,0,0,0,1593,1980,0,0,30,12
219.2370953047648,0,333,49,66,96,100,0,0,0,0,1593,1980,0,0,26,12
220.2371702780947,0,337,49,65,96,100,0,0,0,0,1593,1980,0,0,31,12
221.23723975103348,0,333,49,66,96,100,0,0,0,0,1593,1980,0,0,31,12
222.23731370689347,0,337,53,67,96,100,0,0,0,0,1593,1980,0,0,43,16
223.2373880580999,0,347,49,66,96,100,0,0,0,0,1593,1980,0,0,26,11
224.2374560548924,0,338,49,68,96,100,0,0,0,0,1593,1980,0,0,25,11
225.2375303390436,0,341,49,66,96,100,0,0,0,0,1593,1980,0,0,26,11
226.2376041370444,0,340,50,66,97,100,0,0,0,0,1593,1980,0,0,26,11
227.2376794759184,0,344,49,66,97,100,0,0,0,0,1593,1980,0,0,26,12
228.23775394400582,0,338,49,66,96,100,0,0,0,0,1593,1980,0,0,26,14
229.23782852711156,0,342,49,66,96,100,0,0,0,0,1593,1980,0,0,26,14
230.2379036489874,0,334,49,66,96,100,0,0,0,0,1593,1980,0,0,26,12
231.2379727140069,0,340,50,68,96,99,0,0,0,0,1593,1980,0,0,25,11
232.238068071194,0,367,49,65,96,100,0,0,0,0,1593,1980,0,0,26,11
233.23814351577312,0,337,49,66,96,100,0,0,0,0,1593,1980,0,0,26,12
234.23821890819818,0,337,49,66,97,100,0,0,0,0,1593,1980,0,0,28,11
235.23828903818503,0,329,47,64,87,90,0,0,0,0,1593,1980,0,0,0,0
236.2383668818511,0,307,49,66,96,99,0,0,0,0,1593,1980,0,0,26,11
237.23843726189807,0,346,49,68,96,100,0,0,0,0,1593,1980,0,0,25,11
238.23859243281186,0,339,49,66,96,100,0,0,0,0,1593,1980,0,0,30,13
239.23866660287604,0,337,49,66,96,100,0,0,0,0,1593,1980,0,0,72,14
240.23874387098476,0,340,49,66,97,100,0,0,0,0,1593,1980,0,0,25,11
241.2388190040365,0,338,49,66,96,100,0,0,0,0,1593,1980,0,0,26,12
242.23889009701088,0,341,49,66,97,100,0,0,0,0,1593,1980,0,0,25,11
243.2389646009542,0,341,49,66,97,100,0,0,0,0,1593,1980,0,0,31,13
244.23903573211282,0,378,49,66,97,100,0,0,0,0,1593,1980,0,0,25,11
245.23911141697317,0,345,49,66,96,100,0,0,0,0,1593,1980,0,0,27,13
246.2391865272075,0,348,49,67,97,100,0,0,0,0,1593,1980,0,0,30,11
247.23925471212715,0,351,49,68,97,100,0,0,0,0,1593,1980,0,0,27,11
248.23932320112363,0,349,49,67,97,100,0,0,0,0,1593,1980,0,0,30,11
249.23939235322177,0,348,49,68,97,100,0,0,0,0,1593,1980,0,0,25,11
250.23945931484923,0,348,49,66,96,99,0,0,0,0,1593,1980,0,0,26,14
251.2395219327882,0,344,49,65,96,99,0,0,0,0,1593,1980,0,0,26,12
252.23959159618244,0,350,50,67,97,100,0,0,0,0,1593,1980,0,0,31,12
253.23965894291177,0,368,50,68,97,98,0,0,0,0,1593,1980,0,0,66,12
254.2397266351618,0,345,49,66,96,100,0,0,0,0,1593,1980,0,0,27,11
255.2397938161157,0,347,49,67,96,100,0,0,0,0,1593,1980,0,0,26,12
256.2398606450297,0,337,49,66,96,99,0,0,0,0,1593,1980,0,0,27,11
257.23992819013074,0,338,49,66,96,100,0,0,0,0,1593,1980,0,0,27,13
258.2399886441417,0,339,49,66,96,100,0,0,0,0,1593,1980,0,0,25,11
259.2400551671162,0,338,49,66,96,100,0,0,0,0,1593,1980,0,0,27,11
260.2401166479103,0,339,49,66,96,100,0,0,0,0,1593,1980,0,0,29,13
261.240184023045,0,340,49,66,96,100,0,0,0,0,1593,1980,0,0,28,12
262.24024749780074,0,337,49,66,96,100,0,0,0,0,1593,1980,0,0,29,12
263.24031419400126,0,341,49,66,96,100,0,0,0,0,1593,1980,0,0,28,11
264.24038773821667,0,343,49,67,96,100,0,0,0,0,1593,1980,0,0,31,12
265.24045888194814,0,344,49,67,96,100,0,0,0,0,1593,1980,0,0,32,12
266.24052613787353,0,344,49,66,97,100,0,0,0,0,1593,1980,0,0,49,14
267.2405747361481,0,345,49,67,96,100,0,0,0,0,1593,1980,0,0,27,11
268.24064389104024,0,344,49,67,96,100,0,0,0,0,1593,1980,0,0,26,11
269.24069317197427,0,347,50,67,97,100,0,0,0,0,1593,1980,0,0,32,11
270.24075598595664,0,342,49,67,96,100,0,0,0,0,1593,1980,0,0,26,14
271.24082641815767,0,343,49,68,97,100,0,0,0,0,1593,1980,0,0,25,12
272.2408772218041,0,342,49,66,97,100,0,0,0,0,1593,1980,0,0,26,13
273.24092784896493,0,344,49,66,97,100,0,0,0,0,1593,1980,0,0,27,13
274.24099913192913,0,342,49,66,97,100,0,0,0,0,1593,1980,0,0,25,15
275.24104809807613,0,341,49,67,96,99,0,0,0,0,1593,1980,0,0,26,11
276.2410998218693,0,342,49,66,96,100,0,0,0,0,1593,1980,0,0,62,13
277.2411709311418,0,342,50,66,96,95,0,0,0,0,1593,1980,0,0,64,12
278.2412334177643,0,338,49,66,96,100,0,0,0,0,1593,1980,0,0,26,12
279.24128518207,0,340,49,66,96,100,0,0,0,0,1593,1980,0,0,30,11
280.2413557372056,0,364,49,66,96,100,0,0,0,0,1593,1980,0,0,31,12
281.24140743818134,0,362,50,66,97,100,0,0,0,0,1593,1980,0,0,29,12
282.2414694400504,0,344,49,66,96,100,0,0,0,0,1593,1980,0,0,58,13
283.2415401041508,0,353,50,66,97,100,0,0,0,0,1593,1980,0,0,27,11
284.24159337813035,0,339,49,65,96,100,0,0,0,0,1593,1980,0,0,28,12
285.2416451140307,0,335,49,66,96,100,0,0,0,0,1593,1980,0,0,26,11
286.241715923883,0,341,49,66,96,100,0,0,0,0,1593,1980,0,0,28,11
287.24176688306034,0,339,49,66,96,100,0,0,0,0,1593,1980,0,0,28,14
288.2418187521398,0,338,49,66,96,100,0,0,0,0,1593,1980,0,0,26,11
289.24188967980444,0,335,49,66,96,100,0,0,0,0,1593,1980,0,0,27,12
290.2419731467962,0,365,49,66,97,100,0,0,0,0,1593,1980,0,0,25,11
291.24202321190387,0,340,49,66,97,100,0,0,0,0,1593,1980,0,0,27,11
292.24209444085136,0,337,49,65,96,100,0,0,0,0,1593,1980,0,0,26,12
293.24214619677514,0,337,49,66,96,100,0,0,0,0,1593,1980,0,0,26,14
294.2422078489326,0,335,49,66,96,100,0,0,0,0,1593,1980,0,0,26,12
295.24227814609185,0,336,49,66,96,100,0,0,0,0,1593,1980,0,0,26,15
296.2423295332119,0,347,51,66,96,99,0,0,0,0,1593,1980,0,0,33,14
297.24238145304844,0,376,49,66,96,100,0,0,0,0,1593,1980,0,0,26,12
298.2424506312236,0,340,50,67,97,100,0,0,0,0,1593,1980,0,0,26,11
299.24250167701393,0,343,49,66,96,100,0,0,0,0,1593,1980,0,0,25,13
300.24255389207974,0,342,49,68,97,100,0,0,0,0,1593,1980,0,0,25,11
301.2426229249686,0,345,51,66,97,100,0,0,0,0,1593,1980,0,0,27,11
302.2426856542006,0,345,49,66,96,100,0,0,0,0,1593,1980,0,0,31,11
303.24273721082136,0,341,49,65,96,100,0,0,0,0,1593,1980,0,0,26,12
304.2428064709529,0,344,49,67,97,100,0,0,0,0,1593,1980,0,0,31,12
305.2428582091816,0,343,49,66,97,100,0,0,0,0,1593,1980,0,0,25,14
306.24292042898014,0,344,49,67,97,100,0,0,0,0,1593,1980,0,0,27,12
307.2429919959977,0,342,49,66,96,100,0,0,0,0,1593,1980,0,0,26,13
308.24304369604215,0,342,49,67,97,100,0,0,0,0,1593,1980,0,0,26,14
309.2430964028463,0,342,49,65,96,100,0,0,0,0,1593,1980,0,0,30,12
310.24317763000727,0,342,49,67,96,100,0,0,0,0,1593,1980,0,0,31,11
311.2432286441326,0,340,49,66,97,100,0,0,0,0,1593,1980,0,0,26,14
312.2432828177698,0,342,49,68,96,100,0,0,0,0,1593,1980,0,0,27,14
313.24335450399667,0,345,49,66,96,100,0,0,0,0,1593,1980,0,0,31,11
314.24341889610514,0,342,49,67,97,100,0,0,0,0,1593,1980,0,0,26,13
315.24347026692703,0,341,50,66,96,100,0,0,0,0,1593,1980,0,0,31,11
316.24354245420545,0,345,49,66,97,100,0,0,0,0,1593,1980,0,0,44,17
317.24359410395846,0,371,49,67,97,100,0,0,0,0,1593,1980,0,0,32,11
318.2436583288945,0,343,49,67,97,100,0,0,0,0,1593,1980,0,0,26,12
319.2437311001122,0,359,51,66,97,100,0,0,0,0,1593,1980,0,0,28,11
320.24378495197743,0,342,49,66,96,100,0,0,0,0,1593,1980,0,0,28,11
321.2438366529532,0,342,49,66,96,100,0,0,0,0,1593,1980,0,0,25,13
322.24390465579927,0,346,50,68,96,100,0,0,0,0,1593,1980,0,0,32,11
323.24396100407466,0,342,49,66,96,100,0,0,0,0,1593,1980,0,0,31,11
324.2440149090253,0,342,49,66,96,100,0,0,0,0,1593,1980,0,0,29,11
325.244086117018,0,344,49,66,96,100,0,0,0,0,1593,1980,0,0,27,11
326.24414984090254,0,342,49,65,97,100,0,0,0,0,1593,1980,0,0,27,13
327.2442005770281,0,345,49,67,96,100,0,0,0,0,1593,1980,0,0,26,13
328.24427139014006,0,343,49,66,97,100,0,0,0,0,1593,1980,0,0,27,13
329.24433231912553,0,344,49,66,97,100,0,0,0,0,1593,1980,0,0,31,11
330.2443995778449,0,345,49,66,96,100,0,0,0,0,1593,1980,0,0,27,11
331.24446829082444,0,346,49,67,97,100,0,0,0,0,1593,1980,0,0,31,12
332.244514699094,0,324,46,63,71,74,0,0,0,0,1593,1980,0,0,0,0
333.24458704097196,0,321,49,66,97,100,0,0,0,0,1593,1980,0,0,27,13
334.24464816087857,0,340,49,67,96,100,0,0,0,0,1593,1980,0,0,30,11
335.24469898222014,0,343,49,66,97,100,0,0,0,0,1593,1980,0,0,28,14
336.24477246496826,0,341,49,66,96,100,0,0,0,0,1593,1980,0,0,27,11
337.24481729092076,0,366,50,66,97,100,0,0,0,0,1593,1980,0,0,31,13
338.24487855192274,0,346,58,66,96,99,0,0,0,0,1593,1965,0,0,27,12
339.24494781298563,0,356,49,67,97,100,0,0,0,0,1593,1980,0,0,27,12
340.24500455800444,0,347,49,67,96,100,0,0,0,0,1593,1980,0,0,26,12
341.2450559930876,0,341,49,66,97,100,0,0,0,0,1593,1980,0,0,31,14
342.24512418778613,0,339,56,66,96,99,0,0,0,0,1593,1980,0,0,25,13
343.2451734961942,0,355,50,66,97,100,0,0,0,0,1593,1980,0,0,28,12
344.2452218690887,0,348,49,67,96,100,0,0,0,0,1593,1980,0,0,26,11
345.24528947193176,0,339,49,66,96,99,0,0,0,0,1593,1980,0,0,25,15
346.2453480078839,0,338,49,65,96,100,0,0,0,0,1593,1980,0,0,26,13
347.2453953740187,0,340,49,65,97,100,0,0,0,0,1593,1980,0,0,25,15
348.2454632711597,0,338,49,65,96,100,0,0,0,0,1593,1980,0,0,26,12
349.2455109739676,0,341,49,66,96,100,0,0,0,0,1593,1980,0,0,26,11
350.24557007988915,0,368,50,65,97,96,0,0,0,0,1593,1980,0,0,26,11
351.2456375649199,0,341,49,66,96,100,0,0,0,0,1593,1980,0,0,27,12
352.24568529380485,0,339,50,66,97,98,0,0,0,0,1593,1980,0,0,30,11
353.2457329342142,0,338,49,67,97,100,0,0,0,0,1593,1980,0,0,25,11
354.24579933378845,0,340,49,66,97,100,0,0,0,0,1593,1980,0,0,27,11
355.24584774905816,0,341,49,67,96,100,0,0,0,0,1593,1980,0,0,26,11
356.2458981079981,0,337,49,66,96,100,0,0,0,0,1593,1980,0,0,25,13
357.24596605077386,0,341,49,66,96,100,0,0,0,0,1593,1980,0,0,27,11
358.2460349248722,0,342,49,67,96,100,0,0,0,0,1593,1980,0,0,27,11
359.24608211778104,0,342,49,66,97,100,0,0,0,0,1593,1980,0,0,27,12
360.2461490398273,0,339,49,66,96,100,0,0,0,0,1593,1980,0,0,27,12
361.24619574286044,0,350,49,67,96,100,0,0,0,0,1593,1980,0,0,26,14
362.24625541316345,0,338,49,66,96,100,0,0,0,0,1593,1980,0,0,24,12
363.24632086697966,0,339,49,65,97,100,0,0,0,0,1593,1980,0,0,26,12
364.246368391905,0,339,49,66,96,100,0,0,0,0,1593,1980,0,0,26,11
365.2464153561741,0,339,49,66,96,100,0,0,0,0,1593,1980,0,0,27,13
366.24648169614375,0,366,50,66,97,97,0,0,0,0,1593,1965,0,0,27,12
367.2465275800787,0,342,49,66,97,100,0,0,0,0,1593,1980,0,0,27,12
368.2465734281577,0,339,49,68,96,100,0,0,0,0,1593,1980,0,0,25,11
369.2466425867751,0,347,49,67,96,100,0,0,0,0,1593,1980,0,0,26,12
370.2467016968876,0,343,49,67,96,100,0,0,0,0,1593,1980,0,0,27,11
371.2467506909743,0,343,50,66,96,99,0,0,0,0,1593,1980,0,0,26,12
372.24681009119377,0,340,49,66,96,100,0,0,0,0,1593,1980,0,0,25,12
373.24685655813664,0,346,50,68,97,100,0,0,0,0,1593,1980,0,0,30,11
374.2469207169488,0,343,49,66,97,100,0,0,0,0,1593,1980,0,0,30,13
375.24696775199845,0,341,49,66,97,100,0,0,0,0,1593,1980,0,0,28,13
376.247017650865,0,341,49,66,97,100,0,0,0,0,1593,1980,0,0,27,12
377.2470867498778,0,346,50,66,97,100,0,0,0,0,1593,1980,0,0,30,13
378.24714653519914,0,371,50,67,97,100,0,0,0,0,1593,1980,0,0,27,13
379.2471966887824,0,343,49,66,96,100,0,0,0,0,1593,1980,0,0,27,13
380.24726454680786,0,339,49,66,97,100,0,0,0,0,1593,1980,0,0,32,12
381.24731499003246,0,342,49,66,97,100,0,0,0,0,1593,1980,0,0,29,14
382.2473744889721,0,370,50,67,96,100,0,0,0,0,1593,1980,0,0,27,12
383.24742443999276,0,347,50,67,97,100,0,0,0,0,1593,1980,0,0,27,12
384.2474928367883,0,366,50,66,97,100,0,0,0,0,1593,1980,0,0,26,13
385.24754521716386,0,348,50,67,97,100,0,0,0,0,1593,1980,0,0,28,12
386.2476049941033,0,342,50,67,97,100,0,0,0,0,1593,1980,0,0,29,11
387.24765464896336,0,347,50,68,97,100,0,0,0,0,1593,1980,0,0,25,15
388.24770481698215,0,348,50,67,97,100,0,0,0,0,1593,1980,0,0,30,13
389.2477803789079,0,358,50,68,97,100,0,0,0,0,1593,1980,0,0,68,11
390.2478415397927,0,346,49,67,97,100,0,0,0,0,1593,1980,0,0,31,11
391.2478936892003,0,339,49,66,97,100,0,0,0,0,1593,1980,0,0,30,13
392.2479714490473,0,341,50,66,97,97,0,0,0,0,1593,1980,0,0,57,15
393.2480231388472,0,345,49,66,96,100,0,0,0,0,1593,1980,0,0,27,11
394.24808466108516,0,358,50,68,97,100,0,0,0,0,1593,1980,0,0,26,14
395.24815490702167,0,339,49,67,96,100,0,0,0,0,1593,1980,0,0,25,11
396.24820779217407,0,343,49,67,97,100,0,0,0,0,1593,1980,0,0,26,12
397.2482591648586,0,341,49,66,97,100,0,0,0,0,1593,1980,0,0,25,11
398.24832907598466,0,342,49,67,97,100,0,0,0,0,1593,1980,0,0,27,11
399.24838074995205,0,339,49,66,96,100,0,0,0,0,1593,1980,0,0,25,11
400.24843245605007,0,373,50,68,96,98,0,0,0,0,1593,1980,0,0,27,11
401.2484846720472,0,340,50,65,97,100,0,0,0,0,1593,1980,0,0,27,13
402.2485510800034,0,364,49,67,97,100,0,0,0,0,1593,1980,0,0,25,13
403.2486213091761,0,338,49,66,96,100,0,0,0,0,1593,1980,0,0,27,11
404.24869580194354,0,335,49,66,96,99,0,0,0,0,1593,1980,0,0,27,12
405.248747497797,0,357,49,66,96,99,0,0,0,0,1593,1980,0,0,33,12
406.24882645718753,0,333,49,66,96,98,0,0,0,0,1593,1980,0,0,26,13
407.24887566594407,0,364,50,67,96,99,0,0,0,0,1593,1980,0,0,29,11
408.24892535293475,0,337,49,66,96,100,0,0,0,0,1593,1980,0,0,25,11
409.24899539910257,0,332,49,66,96,100,0,0,0,0,1593,1980,0,0,28,11
410.24905813112855,0,337,49,67,97,100,0,0,0,0,1593,1980,0,0,25,11
411.249106220901,0,339,49,66,96,100,0,0,0,0,1593,1980,0,0,31,18
412.2491565919481,0,366,50,68,96,99,0,0,0,0,1593,1980,0,0,27,11
413.24922479782254,0,338,49,67,96,100,0,0,0,0,1593,1980,0,0,26,13
414.24928561784327,0,353,49,66,96,100,0,0,0,0,1593,1980,0,0,28,11
415.24933529412374,0,363,51,66,97,100,0,0,0,0,1593,1980,0,0,26,13
416.2494034022093,0,343,49,67,97,100,0,0,0,0,1593,1980,0,0,31,12
417.24945313995704,0,358,51,67,97,96,0,0,0,0,1593,1980,0,0,29,13
418.24951271899045,0,360,50,67,97,100,0,0,0,0,1593,1980,0,0,26,14
419.2495824811049,0,341,49,66,97,100,0,0,0,0,1593,1980,0,0,72,16
420.24963865894824,0,346,50,67,97,100,0,0,0,0,1593,1980,0,0,26,13
421.24968918506056,0,341,49,67,96,99,0,0,0,0,1593,1980,0,0,27,13
422.2497615828179,0,339,49,66,97,100,0,0,0,0,1593,1980,0,0,27,14
423.24981339788064,0,363,50,66,97,100,0,0,0,0,1593,1980,0,0,26,11
424.2498637069948,0,370,50,67,96,100,0,0,0,0,1593,1980,0,0,25,13
425.2499382440001,0,342,49,66,97,100,0,0,0,0,1593,1980,0,0,24,12
426.2500006710179,0,339,49,66,96,100,0,0,0,0,1593,1980,0,0,29,11
427.25005260808393,0,344,49,66,96,100,0,0,0,0,1593,1980,0,0,25,11
428.25012584915385,0,341,49,67,97,100,0,0,0,0,1593,1980,0,0,26,12
429.2501760968007,0,392,51,67,96,99,0,0,0,0,1593,1965,0,0,30,11
430.2502535721287,0,344,53,67,96,100,0,0,0,0,1593,1980,0,0,42,14
431.25030379509553,0,377,50,67,97,100,0,0,0,0,1593,1980,0,0,27,13
432.2503767320886,0,358,50,67,96,100,0,0,0,0,1593,1980,0,0,27,14
433.250456051901,0,343,50,67,97,100,0,0,0,0,1593,1980,0,0,26,12
434.2505188770592,0,347,52,66,97,100,0,0,0,0,1593,1980,0,0,28,13
435.25056927697733,0,345,50,67,97,100,0,0,0,0,1593,1980,0,0,31,11
436.25064041186124,0,350,50,67,96,100,0,0,0,0,1593,1980,0,0,30,13
437.2506911801174,0,347,50,67,96,100,0,0,0,0,1593,1980,0,0,27,12
438.25075225997716,0,344,49,67,97,100,0,0,0,0,1593,1980,0,0,36,11
439.250822796952,0,346,50,67,96,100,0,0,0,0,1593,1980,0,0,27,14
440.25089443521574,0,320,49,66,97,100,0,0,0,0,1593,1980,0,0,27,13
441.2509457808919,0,346,53,66,97,100,0,0,0,0,1593,1980,0,0,49,13
442.2510146899149,0,357,49,66,97,100,0,0,0,0,1593,1980,0,0,27,11
443.25108780292794,0,357,49,67,97,100,0,0,0,0,1593,1980,0,0,26,11
444.25113922404125,0,347,50,67,97,100,0,0,0,0,1593,1980,0,0,31,11
445.25121106998995,0,354,50,67,97,100,0,0,0,0,1593,1980,0,0,25,11
446.25127208791673,0,344,50,67,96,100,0,0,0,0,1593,1980,0,0,63,12
447.2513247220777,0,345,49,66,96,100,0,0,0,0,1593,1980,0,0,26,11
448.25139592401683,0,342,49,66,97,100,0,0,0,0,1593,1980,0,0,27,14
449.2514461921528,0,361,50,67,97,100,0,0,0,0,1593,1980,0,0,27,13
450.25150965200737,0,342,49,66,96,100,0,0,0,0,1593,1980,0,0,32,13
451.25155917322263,0,344,49,68,97,100,0,0,0,0,1593,1980,0,0,31,15
452.2516116751358,0,374,51,66,97,95,0,0,0,0,1593,1980,0,0,29,11
453.25168279511854,0,343,49,67,97,100,0,0,0,0,1593,1980,0,0,27,15
454.2517473218031,0,341,49,67,97,100,0,0,0,0,1593,1980,0,0,28,11
455.25179912988096,0,347,51,66,96,99,0,0,0,0,1593,1980,0,0,64,15
456.25185102876276,0,347,49,66,96,100,0,0,0,0,1593,1980,0,0,32,16
457.2518999502063,0,352,49,66,97,100,0,0,0,0,1593,1980,0,0,25,11
458.25197067297995,0,342,50,67,96,100,0,0,0,0,1593,1980,0,0,27,11
459.2520215800032,0,343,49,67,97,100,0,0,0,0,1593,1980,0,0,32,11
460.2520739021711,0,338,49,65,97,100,0,0,0,0,1593,1980,0,0,30,13
461.25212880177423,0,343,50,67,96,99,0,0,0,0,1593,1980,0,0,29,12
462.2522040097974,0,341,49,66,96,99,0,0,0,0,1593,1980,0,0,27,11
463.25227591209114,0,336,49,66,96,99,0,0,0,0,1593,1980,0,0,25,11
464.25232502492145,0,339,49,66,96,100,0,0,0,0,1593,1980,0,0,26,13
465.2523763170466,0,340,49,65,96,100,0,0,0,0,1593,1980,0,0,26,11
466.25244655879214,0,343,49,66,96,100,0,0,0,0,1593,1980,0,0,25,15
467.25249668303877,0,339,49,66,97,100,0,0,0,0,1593,1980,0,0,26,13
468.2525456431322,0,337,49,66,97,100,0,0,0,0,1593,1980,0,0,57,11
469.25261654518545,0,335,49,67,96,100,0,0,0,0,1593,1980,0,0,25,11
470.25267643807456,0,339,49,66,96,100,0,0,0,0,1593,1980,0,0,70,15
471.2527240328491,0,338,49,66,97,100,0,0,0,0,1593,1980,0,0,27,14
472.2527793860063,0,346,49,66,97,100,0,0,0,0,1593,1980,0,0,27,12
473.25284570781514,0,342,49,66,97,100,0,0,0,0,1593,1980,0,0,65,16
474.2529228599742,0,341,49,67,97,100,0,0,0,0,1593,1980,0,0,26,12
475.2529715350829,0,343,49,67,97,100,0,0,0,0,1593,1980,0,0,33,16
476.2530203978531,0,341,49,65,97,100,0,0,0,0,1593,1980,0,0,27,11
477.25309061678126,0,340,49,66,97,100,0,0,0,0,1593,1980,0,0,32,12
478.2531519061886,0,342,49,67,96,100,0,0,0,0,1593,1980,0,0,25,11
479.2532002781518,0,339,49,66,96,100,0,0,0,0,1593,1980,0,0,27,28
480.25327159278095,0,349,49,67,96,100,0,0,0,0,1593,1980,0,0,26,11
481.25335435802117,0,336,49,67,96,100,0,0,0,0,1593,1980,0,0,26,12
482.25341557199135,0,337,49,66,96,100,0,0,0,0,1593,1980,0,0,28,13
483.2534859459847,0,337,49,66,97,100,0,0,0,0,1593,1980,0,0,27,11
484.25356244901195,0,359,49,66,96,100,0,0,0,0,1593,1980,0,0,32,12
485.25361293321475,0,339,51,66,96,100,0,0,0,0,1593,1980,0,0,58,15
486.25368452304974,0,348,49,68,96,100,0,0,0,0,1593,1980,0,0,32,13
487.2537308591418,0,338,49,67,97,100,0,0,0,0,1593,1980,0,0,26,11
488.2537803351879,0,338,49,68,97,100,0,0,0,0,1593,1980,0,0,25,11
489.25385258020833,0,340,49,66,96,100,0,0,0,0,1593,1980,0,0,25,11
490.2539131511003,0,340,49,66,97,100,0,0,0,0,1593,1980,0,0,26,11
491.2539609060623,0,340,49,66,97,99,0,0,0,0,1593,1980,0,0,31,12
492.25402785418555,0,335,49,66,96,99,0,0,0,0,1593,1980,0,0,27,11
493.2540792571381,0,338,49,67,97,100,0,0,0,0,1593,1980,0,0,27,11
494.25413956912234,0,354,49,67,96,100,0,0,0,0,1593,1980,0,0,27,11
495.25420794216916,0,338,49,67,97,100,0,0,0,0,1593,1980,0,0,29,14
496.2542556170374,0,336,51,66,96,100,0,0,0,0,1593,1980,0,0,27,11
497.25430155405775,0,339,49,66,97,100,0,0,0,0,1593,1980,0,0,28,15
498.25436659390107,0,340,49,66,96,100,0,0,0,0,1593,1980,0,0,26,14
499.25441356981173,0,341,49,66,96,100,0,0,0,0,1593,1980,0,0,27,11
500.254458704032,0,340,49,66,96,100,0,0,0,0,1593,1980,0,0,27,12
501.25450420891866,0,367,50,67,97,100,0,0,0,0,1593,1980,0,0,27,11
502.25456073787063,0,339,49,66,96,100,0,0,0,0,1593,1980,0,0,26,15
503.2546065901406,0,336,49,66,96,100,0,0,0,0,1593,1980,0,0,29,13
504.2546750921756,0,335,49,66,97,100,0,0,0,0,1593,1980,0,0,26,12
505.254728004802,0,339,49,66,97,100,0,0,0,0,1593,1980,0,0,30,12
506.2547916849144,0,341,49,66,96,100,0,0,0,0,1593,1980,0,0,26,11
507.2548727057874,0,336,49,66,96,100,0,0,0,0,1593,1980,0,0,27,11
508.2549578691833,0,347,50,66,96,99,0,0,0,0,1593,1980,0,0,25,12
509.2550086178817,0,341,49,67,96,100,0,0,0,0,1593,1980,0,0,31,12
510.2550805080682,0,339,49,66,96,100,0,0,0,0,1593,1980,0,0,29,14
511.25512938015163,0,352,50,67,97,100,0,0,0,0,1593,1980,0,0,29,13
512.2551801120862,0,353,49,66,97,100,0,0,0,0,1593,1980,0,0,25,15
513.2552488930523,0,341,49,67,96,100,0,0,0,0,1593,1980,0,0,29,11
514.2553111421876,0,340,49,67,96,100,0,0,0,0,1593,1980,0,0,26,11
515.2553723170422,0,344,49,66,97,100,0,0,0,0,1593,1980,0,0,52,11
516.2554456349462,0,338,49,66,97,100,0,0,0,0,1593,1980,0,0,26,12
517.2554960288107,0,343,49,66,97,100,0,0,0,0,1593,1980,0,0,27,11
518.255559546873,0,341,49,66,97,100,0,0,0,0,1593,1980,0,0,31,13
519.2556307460181,0,342,49,66,97,100,0,0,0,0,1593,1980,0,0,26,12
520.2556814770214,0,344,49,67,96,100,0,0,0,0,1593,1980,0,0,27,11
521.2557320231572,0,344,49,67,97,100,0,0,0,0,1593,1980,0,0,27,15
522.2558026001789,0,338,49,67,97,100,0,0,0,0,1593,1980,0,0,30,14
523.2558575221337,0,341,49,67,96,100,0,0,0,0,1593,1980,0,0,28,13
524.255907936953,0,341,49,66,97,100,0,0,0,0,1593,1980,0,0,32,12
525.255977907218,0,342,49,66,97,100,0,0,0,0,1593,1980,0,0,31,11
526.2560418047942,0,343,49,66,96,100,0,0,0,0,1593,1980,0,0,44,14
527.2560930270702,0,341,49,66,96,98,0,0,0,0,1593,1980,0,0,27,11
528.25616497593,0,336,49,66,96,99,0,0,0,0,1593,1980,0,0,31,11
529.2562158801593,0,334,49,65,96,100,0,0,0,0,1593,1980,0,0,26,13
530.2562764650211,0,336,49,66,97,100,0,0,0,0,1593,1980,0,0,31,14
531.2563456539065,0,339,49,67,96,100,0,0,0,0,1593,1980,0,0,32,12
532.2563972338103,0,341,49,66,96,100,0,0,0,0,1593,1980,0,0,62,15
533.2564499108121,0,346,49,66,96,100,0,0,0,0,1593,1980,0,0,28,11
534.2565081077628,0,338,49,67,96,100,0,0,0,0,1593,1980,0,0,42,16
535.2565536801703,0,373,49,67,96,100,0,0,0,0,1593,1980,0,0,26,12
536.2566187637858,0,340,49,68,97,100,0,0,0,0,1593,1980,0,0,27,14
537.2566686510108,0,355,50,67,96,99,0,0,0,0,1593,1980,0,0,28,13
538.2567300992087,0,341,49,67,96,100,0,0,0,0,1593,1980,0,0,31,11
539.2567980890162,0,337,49,66,96,100,0,0,0,0,1593,1980,0,0,31,12
540.2568649142049,0,337,49,67,96,100,0,0,0,0,1593,1980,0,0,31,11
541.2569098789245,0,361,49,66,96,100,0,0,0,0,1593,1980,0,0,27,12
542.2569794659503,0,313,49,66,97,100,0,0,0,0,1593,1980,0,0,30,14
543.2570300721563,0,336,49,66,96,100,0,0,0,0,1593,1980,0,0,26,12
544.257080192212,0,342,49,65,96,100,0,0,0,0,1593,1980,0,0,27,11
545.2571487198584,0,357,49,67,97,100,0,0,0,0,1593,1980,0,0,27,13
546.2572063459083,0,354,50,67,97,100,0,0,0,0,1593,1980,0,0,80,12
547.2572566410527,0,348,49,66,97,100,0,0,0,0,1593,1980,0,0,69,11
548.2573203658685,0,339,49,66,96,100,0,0,0,0,1593,1980,0,0,39,13
549.2573709250428,0,336,49,65,96,100,0,0,0,0,1593,1980,0,0,29,11
550.257428444922,0,345,49,65,96,100,0,0,0,0,1593,1980,0,0,31,13
551.2574954219162,0,338,49,67,97,100,0,0,0,0,1593,1980,0,0,32,12
552.257541866973,0,340,49,66,96,100,0,0,0,0,1593,1980,0,0,32,12
553.2575947530568,0,342,49,65,97,100,0,0,0,0,1593,1980,0,0,30,13
554.2576597370207,0,342,49,66,96,100,0,0,0,0,1593,1980,0,0,55,15
555.2577289468609,0,339,49,66,96,100,0,0,0,0,1593,1980,0,0,25,13
556.2577812997624,0,341,49,68,96,100,0,0,0,0,1593,1980,0,0,30,11
557.257833394222,0,344,51,65,97,100,0,0,0,0,1593,1980,0,0,31,11
558.2579051889479,0,347,50,66,97,100,0,0,0,0,1593,1980,0,0,59,11
559.2579561439343,0,341,49,66,96,100,0,0,0,0,1593,1980,0,0,32,11
560.2580072749406,0,345,49,66,97,100,0,0,0,0,1593,1980,0,0,44,12
561.2580906101502,0,348,50,66,96,99,0,0,0,0,1593,1980,0,0,26,11
562.2581508681178,0,339,49,66,96,100,0,0,0,0,1593,1980,0,0,33,11
563.2581997979432,0,346,50,67,97,99,0,0,0,0,1593,1980,0,0,27,11
564.2582706459798,0,341,49,66,96,100,0,0,0,0,1593,1980,0,0,26,12
565.2583229178563,0,339,49,66,96,100,0,0,0,0,1593,1980,0,0,31,11
566.2583839739673,0,340,49,66,97,100,0,0,0,0,1593,1980,0,0,26,12
567.258454896044,0,377,50,67,96,100,0,0,0,0,1593,1980,0,0,26,13
568.2585057849064,0,364,50,65,97,95,0,0,0,0,1593,1980,0,0,28,13
569.2585566448979,0,340,49,67,97,100,0,0,0,0,1593,1980,0,0,26,11
570.2586234821938,0,341,49,67,96,100,0,0,0,0,1593,1980,0,0,27,13
571.2586728772148,0,342,49,68,97,100,0,0,0,0,1593,1980,0,0,27,14
572.2587210577913,0,342,49,67,97,100,0,0,0,0,1593,1980,0,0,52,11
573.258788682986,0,341,49,66,96,100,0,0,0,0,1593,1980,0,0,27,14
574.258852024097,0,342,49,67,96,100,0,0,0,0,1593,1980,0,0,30,13
575.2589046037756,0,340,49,66,97,100,0,0,0,0,1593,1980,0,0,32,13
576.2589728781022,0,344,50,66,96,99,0,0,0,0,1593,1980,0,0,27,11
577.2590425810777,0,339,49,67,96,100,0,0,0,0,1593,1980,0,0,28,14
578.2591046448797,0,342,49,67,97,100,0,0,0,0,1593,1980,0,0,26,12
579.2591832298785,0,342,49,67,97,100,0,0,0,0,1593,1980,0,0,25,11
580.259232128039,0,343,49,66,97,100,0,0,0,0,1593,1980,0,0,30,12
581.2592836008407,0,348,50,66,96,100,0,0,0,0,1593,1980,0,0,26,11
582.2593535678461,0,341,49,67,97,100,0,0,0,0,1593,1980,0,0,31,12
583.2594145480543,0,354,49,66,97,100,0,0,0,0,1593,1980,0,0,27,11
584.2594634718262,0,343,49,66,96,100,0,0,0,0,1593,1980,0,0,25,11
585.2595319747925,0,342,49,67,97,100,0,0,0,0,1593,1980,0,0,27,11
586.2595922811888,0,356,50,66,97,100,0,0,0,0,1593,1980,0,0,27,11
587.2596420319751,0,347,50,66,97,100,0,0,0,0,1593,1980,0,0,25,11
588.2597097852267,0,356,50,67,97,100,0,0,0,0,1593,1980,0,0,27,12
589.2597577651031,0,342,50,68,97,100,0,0,0,0,1593,1980,0,0,31,12
590.2598172808066,0,346,50,67,96,100,0,0,0,0,1593,1980,0,0,26,12
591.2598835132085,0,345,50,66,96,100,0,0,0,0,1593,1980,0,0,31,11
592.2599328299984,0,344,49,67,97,100,0,0,0,0,1593,1980,0,0,30,11
593.2599831437692,0,344,50,67,97,100,0,0,0,0,1593,1980,0,0,32,12
594.2600499349646,0,342,49,67,96,100,0,0,0,0,1593,1980,0,0,27,14
595.2600978449918,0,341,49,68,96,100,0,0,0,0,1593,1980,0,0,33,11
596.2601454891264,0,353,50,66,96,100,0,0,0,0,1593,1980,0,0,25,11
597.2602133192122,0,346,50,66,97,100,0,0,0,0,1593,1980,0,0,25,11
598.2602905230597,0,344,50,65,97,100,0,0,0,0,1593,1980,0,0,25,15
599.2603502268903,0,342,49,67,97,100,0,0,0,0,1593,1980,0,0,44,15
600.2603906211443,0,355,50,67,97,100,0,0,0,0,1593,1980,0,0,31,13
601.2604359812103,0,343,50,67,96,100,0,0,0,0,1593,1980,0,0,25,12
602.2605075230822,0,347,50,66,97,96,0,0,0,0,1593,1965,0,0,26,11
603.2605534829199,0,348,50,66,97,100,0,0,0,0,1593,1980,0,0,30,12
604.2606218410656,0,351,50,67,97,100,0,0,0,0,1593,1980,0,0,27,14
605.2606864529662,0,349,50,67,97,100,0,0,0,0,1593,1980,0,0,29,11
606.2607624782249,0,346,50,66,96,100,0,0,0,0,1593,1980,0,0,27,14
607.2608074098825,0,346,49,67,97,100,0,0,0,0,1593,1980,0,0,27,11
608.2608739822172,0,341,49,67,97,100,0,0,0,0,1593,1980,0,0,28,11
609.2609391422011,0,344,50,67,97,100,0,0,0,0,1593,1980,0,0,25,13
610.2609954997897,0,344,49,68,97,100,0,0,0,0,1593,1980,0,0,25,15
611.261058058124,0,358,50,67,96,100,0,0,0,0,1593,1980,0,0,37,15
612.2610986381769,0,343,50,67,97,100,0,0,0,0,1593,1980,0,0,27,11
613.2612171052024,0,346,50,67,96,100,0,0,0,0,1593,1980,0,0,28,12
614.261282036081,0,380,50,67,97,100,0,0,0,0,1593,1980,0,0,26,15
615.2613293919712,0,353,50,67,96,99,0,0,0,0,1593,1980,0,0,26,11
616.2613768521696,0,342,49,66,96,100,0,0,0,0,1593,1980,0,0,26,11
617.2614450068213,0,339,49,67,97,100,0,0,0,0,1593,1980,0,0,32,11
618.2615031148307,0,341,49,67,96,100,0,0,0,0,1593,1980,0,0,32,11
619.2615495561622,0,342,49,66,96,100,0,0,0,0,1593,1980,0,0,28,12
620.2616150560789,0,339,49,67,96,100,0,0,0,0,1593,1980,0,0,26,12
621.2616611057892,0,341,49,67,97,100,0,0,0,0,1593,1980,0,0,30,11
622.2617171341553,0,342,49,66,96,100,0,0,0,0,1593,1980,0,0,30,14
623.2617838010192,0,342,49,67,97,100,0,0,0,0,1593,1980,0,0,26,12
624.2618313571438,0,341,49,66,96,100,0,0,0,0,1593,1980,0,0,31,13
625.2618790571578,0,342,50,67,97,100,0,0,0,0,1593,1980,0,0,31,12
626.2619432439096,0,339,49,66,96,100,0,0,0,0,1593,1980,0,0,26,13
627.2619885578752,0,338,49,66,96,100,0,0,0,0,1593,1980,0,0,26,11
628.2620341470465,0,347,50,68,96,99,0,0,0,0,1593,1980,0,0,31,11
629.2621289589442,0,341,50,67,96,99,0,0,0,0,1593,1980,0,0,31,12
630.2621859400533,0,341,49,65,97,100,0,0,0,0,1593,1980,0,0,26,12
631.262231213972,0,338,49,67,96,99,0,0,0,0,1593,1980,0,0,32,12
632.2623015940189,0,337,49,67,96,99,0,0,0,0,1593,1980,0,0,31,12
633.2623542537913,0,339,49,66,96,100,0,0,0,0,1593,1980,0,0,30,11
634.2624203851447,0,342,49,67,96,99,0,0,0,0,1593,1980,0,0,26,12
635.2624924997799,0,343,49,67,97,100,0,0,0,0,1593,1980,0,0,28,11
636.262545588892,0,340,50,67,96,100,0,0,0,0,1593,1980,0,0,26,13
637.2625976279378,0,342,50,66,97,100,0,0,0,0,1593,1980,0,0,25,14
638.2626681569964,0,344,50,66,97,100,0,0,0,0,1593,1980,0,0,30,13
639.2627208689228,0,343,49,66,96,100,0,0,0,0,1593,1980,0,0,27,11
640.2627894040197,0,342,49,67,96,100,0,0,0,0,1593,1980,0,0,30,11
641.2628643778153,0,337,49,66,96,100,0,0,0,0,1593,1980,0,0,27,14
642.2629272327758,0,337,49,67,96,100,0,0,0,0,1593,1980,0,0,32,13
643.262998662889,0,314,49,66,96,99,0,0,0,0,1593,1980,0,0,30,12
644.2630723230541,0,342,52,66,97,98,0,0,0,0,1593,1980,0,0,27,12
645.2631390569732,0,361,49,66,96,100,0,0,0,0,1593,1980,0,0,25,13
646.263201886788,0,342,50,67,96,99,0,0,0,0,1593,1980,0,0,30,12
647.2632780419663,0,340,50,67,96,100,0,0,0,0,1593,1980,0,0,26,11
648.2633311171085,0,348,50,66,97,100,0,0,0,0,1593,1980,0,0,69,11
649.2633866840042,0,344,49,67,95,99,0,0,0,0,1593,1980,0,0,26,12
650.2634703749791,0,339,49,67,96,100,0,0,0,0,1593,1980,0,0,27,11
651.2635206668638,0,341,49,66,96,100,0,0,0,0,1593,1980,0,0,27,11
652.263574867975,0,342,49,67,96,100,0,0,0,0,1593,1980,0,0,27,11
653.2636462738737,0,337,49,66,96,100,0,0,0,0,1593,1980,0,0,27,13
654.2637108759955,0,338,49,67,97,100,0,0,0,0,1593,1980,0,0,26,11
655.2637649541721,0,340,49,67,96,100,0,0,0,0,1593,1980,0,0,28,12
656.2638345710002,0,343,49,68,96,100,0,0,0,0,1593,1980,0,0,26,12
657.2638878058642,0,335,49,67,97,100,0,0,0,0,1593,1980,0,0,26,13
658.2639845991507,0,338,49,66,95,99,0,0,0,0,1593,1980,0,0,27,12
659.2640577061102,0,369,49,66,96,99,0,0,0,0,1593,1980,0,0,28,11
660.2641097838059,0,338,49,67,97,100,0,0,0,0,1593,1980,0,0,26,12
661.2641633008607,0,336,49,68,97,100,0,0,0,0,1593,1980,0,0,28,11
662.264236016199,0,340,49,66,96,100,0,0,0,0,1593,1980,0,0,27,13
663.2642878778279,0,340,49,66,96,100,0,0,0,0,1593,1980,0,0,28,11
664.264341483824,0,341,50,66,97,100,0,0,0,0,1593,1980,0,0,31,12
665.2644138960168,0,342,49,67,96,100,0,0,0,0,1593,1980,0,0,27,12
666.2644788348116,0,341,49,66,96,100,0,0,0,0,1593,1980,0,0,27,11
667.2645336841233,0,339,49,67,96,100,0,0,0,0,1593,1980,0,0,29,13
668.2646070220508,0,338,49,67,96,100,0,0,0,0,1593,1980,0,0,26,11
669.2646605791524,0,371,50,68,96,100,0,0,0,0,1593,1980,0,0,29,12
670.264726088848,0,367,50,67,96,99,0,0,0,0,1593,1980,0,0,26,13
671.2648005899973,0,370,50,67,96,99,0,0,0,0,1593,1980,0,0,32,11
672.2648524278775,0,346,50,67,96,100,0,0,0,0,1593,1980,0,0,31,11
673.2649297821335,0,343,50,67,96,100,0,0,0,0,1593,1980,0,0,30,11
674.2650222731754,0,344,50,67,96,98,0,0,0,0,1593,1980,0,0,29,11
675.2650766950101,0,348,50,67,96,99,0,0,0,0,1593,1980,0,0,27,11
676.2651298451237,0,338,49,67,96,100,0,0,0,0,1593,1980,0,0,26,12
677.2651995229535,0,338,49,67,96,99,0,0,0,0,1593,1980,0,0,26,12
678.2652767440304,0,337,49,67,96,99,0,0,0,0,1593,1980,0,0,32,11
679.2653503902256,0,337,49,68,96,99,0,0,0,0,1593,1980,0,0,32,11
680.265422204975,0,335,49,67,96,100,0,0,0,0,1593,1980,0,0,30,12
681.2654722919688,0,336,49,66,96,100,0,0,0,0,1593,1980,0,0,26,12
682.2655355772004,0,339,49,66,96,100,0,0,0,0,1593,1980,0,0,33,11
683.2655892460607,0,338,49,67,96,99,0,0,0,0,1593,1980,0,0,30,11
684.2656639949419,0,337,49,67,96,100,0,0,0,0,1593,1980,0,0,36,13
685.2657175487839,0,336,49,67,96,100,0,0,0,0,1593,1980,0,0,27,11
686.265785403084,0,335,49,67,96,100,0,0,0,0,1593,1980,0,0,32,25
687.2658567861654,0,343,50,67,96,100,0,0,0,0,1593,1980,0,0,27,11
688.2659087409265,0,338,49,66,96,100,0,0,0,0,1593,1980,0,0,32,11
689.2659631599672,0,335,49,66,96,100,0,0,0,0,1593,1980,0,0,30,14
690.2660336890258,0,364,50,66,97,100,0,0,0,0,1593,1980,0,0,25,14
691.2660892121494,0,363,50,67,96,100,0,0,0,0,1593,1980,0,0,26,14
692.2661739899777,0,340,49,66,95,99,0,0,0,0,1593,1980,0,0,45,18
693.2662484399043,0,341,50,67,96,99,0,0,0,0,1593,1980,0,0,27,12
694.2663150047883,0,337,49,67,96,100,0,0,0,0,1593,1980,0,0,31,11
695.2663691360503,0,339,49,67,96,100,0,0,0,0,1593,1980,0,0,26,11
696.2664428260177,0,340,49,66,97,100,0,0,0,0,1593,1980,0,0,32,11
697.2664959500544,0,339,49,67,96,100,0,0,0,0,1593,1980,0,0,27,11
698.2665550019592,0,338,49,67,96,99,0,0,0,0,1593,1980,0,0,25,12
699.2666211919859,0,339,49,66,96,100,0,0,0,0,1593,1980,0,0,25,12
700.2666683671996,0,338,49,67,96,100,0,0,0,0,1593,1980,0,0,27,14
701.2667185598984,0,339,49,67,96,100,0,0,0,0,1593,1980,0,0,28,11
702.2667855750769,0,339,50,67,97,100,0,0,0,0,1593,1980,0,0,26,13
703.2668327870779,0,341,50,66,97,100,0,0,0,0,1593,1980,0,0,26,13
704.2668809629977,0,338,49,67,96,100,0,0,0,0,1593,1980,0,0,28,11
705.2669478110038,0,347,50,67,96,100,0,0,0,0,1593,1980,0,0,27,14
706.2670065509155,0,338,49,67,96,100,0,0,0,0,1593,1980,0,0,31,12
707.2670549717732,0,340,49,67,96,100,0,0,0,0,1593,1980,0,0,29,13
708.2671252149157,0,374,50,67,96,100,0,0,0,0,1593,1980,0,0,26,14
709.2671737051569,0,340,50,66,96,100,0,0,0,0,1593,1980,0,0,33,11
710.2672326131724,0,341,50,67,97,100,0,0,0,0,1593,1980,0,0,27,14
711.2673000209033,0,346,50,67,97,100,0,0,0,0,1593,1980,0,0,26,11
712.2673496101052,0,341,50,68,96,100,0,0,0,0,1593,1980,0,0,29,12
713.2674218271859,0,341,50,67,96,100,0,0,0,0,1593,1980,0,0,28,15
714.2674866029993,0,342,50,67,97,100,0,0,0,0,1593,1980,0,0,32,11
715.267558015883,0,341,49,66,96,100,0,0,0,0,1593,1980,0,0,26,11
716.2676088591106,0,338,49,66,97,100,0,0,0,0,1593,1980,0,0,32,11
717.2676628050394,0,339,49,66,96,100,0,0,0,0,1593,1980,0,0,32,11
718.2677322882228,0,339,49,67,97,100,0,0,0,0,1593,1980,0,0,32,11
719.267785904929,0,360,50,67,96,95,0,0,0,0,1593,1980,0,0,27,12
720.2678358037956,0,344,50,67,97,100,0,0,0,0,1593,1980,0,0,32,12
721.2679084660485,0,343,50,68,97,100,0,0,0,0,1593,1980,0,0,30,14
722.2679702569731,0,346,50,67,97,100,0,0,0,0,1593,1980,0,0,26,11
723.268024195917,0,342,50,66,96,100,0,0,0,0,1593,1980,0,0,73,13
724.2680966900662,0,339,50,67,96,97,0,0,0,0,1593,1980,0,0,27,15
725.2681513722055,0,341,50,67,95,99,0,0,0,0,1593,1980,0,0,26,11
726.2682144208811,0,340,49,68,96,100,0,0,0,0,1593,1980,0,0,26,11
727.2682848270051,0,378,50,66,96,100,0,0,0,0,1593,1980,0,0,25,14
728.2683423510753,0,341,54,66,96,99,0,0,0,0,1593,1830,0,0,26,13
729.2683956520632,0,343,50,67,96,100,0,0,0,0,1593,1980,0,0,25,12
730.2684652050957,0,340,50,67,96,98,0,0,0,0,1593,1980,0,0,25,11
731.2685190849006,0,341,49,67,96,100,0,0,0,0,1593,1980,0,0,29,14
732.2685710960068,0,339,49,67,97,100,0,0,0,0,1593,1980,0,0,27,12
733.2686422201805,0,338,49,66,97,100,0,0,0,0,1593,1980,0,0,30,11
734.2687083068304,0,339,49,66,96,100,0,0,0,0,1593,1980,0,0,27,14
735.2687570471317,0,340,49,67,96,100,0,0,0,0,1593,1980,0,0,29,13
736.2688279100694,0,337,50,67,96,100,0,0,0,0,1593,1980,0,0,26,11
737.2688790378161,0,359,53,67,96,99,0,0,0,0,1593,1980,0,0,26,11
738.2689429600723,0,359,49,67,96,99,0,0,0,0,1593,1980,0,0,27,14
739.2689965828322,0,336,49,67,97,100,0,0,0,0,1593,1980,0,0,27,11
740.2690700790845,0,315,48,64,74,77,0,0,0,0,1593,1980,0,0,32,12
741.2691220478155,0,337,49,65,97,100,0,0,0,0,1593,1980,0,0,32,11
742.2691867141984,0,340,49,66,97,100,0,0,0,0,1593,1980,0,0,28,11
743.2692566378973,0,340,49,66,96,100,0,0,0,0,1593,1980,0,0,28,15
744.2693076538853,0,339,49,67,96,100,0,0,0,0,1593,1980,0,0,29,14
745.2693616528995,0,364,50,67,96,100,0,0,0,0,1593,1980,0,0,27,15
746.269420132041,0,345,50,66,96,100,0,0,0,0,1593,1980,0,0,30,13
747.2694723661989,0,344,50,67,96,100,0,0,0,0,1593,1980,0,0,29,13
748.2695435690694,0,375,50,67,96,100,0,0,0,0,1593,1980,0,0,27,11
749.2695974488743,0,343,50,68,97,100,0,0,0,0,1593,1980,0,0,26,12
750.2696608589031,0,343,50,67,97,100,0,0,0,0,1593,1980,0,0,27,11
751.2697267788462,0,342,49,67,97,100,0,0,0,0,1593,1980,0,0,27,11
752.269782373216,0,344,50,67,96,100,0,0,0,0,1593,1980,0,0,28,13
753.2698286138475,0,345,50,67,97,100,0,0,0,0,1593,1980,0,0,25,13
754.2699163858779,0,350,50,67,97,100,0,0,0,0,1593,1980,0,0,25,12
755.2699679578654,0,374,50,67,96,99,0,0,0,0,1593,1980,0,0,29,11
756.2700215801597,0,342,50,67,97,100,0,0,0,0,1593,1980,0,0,31,12
757.2700869077817,0,346,54,67,96,100,0,0,0,0,1593,1935,0,0,30,17
758.2701500579715,0,346,50,67,96,100,0,0,0,0,1593,1980,0,0,29,15
759.2701969100162,0,367,50,66,96,100,0,0,0,0,1593,1980,0,0,28,26
760.2702689971775,0,379,50,66,96,99,0,0,0,0,1593,1980,0,0,32,12
761.2703200960532,0,342,50,67,97,100,0,0,0,0,1593,1980,0,0,26,14
762.2703786757775,0,340,50,67,97,100,0,0,0,0,1593,1980,0,0,32,12
763.270448049996,0,341,50,67,96,99,0,0,0,0,1593,1980,0,0,56,14
764.2705036508851,0,342,50,66,97,100,0,0,0,0,1593,1980,0,0,26,11
765.2705546519719,0,354,50,66,96,100,0,0,0,0,1593,1980,0,0,25,11
766.2706244760193,0,339,50,67,96,100,0,0,0,0,1593,1980,0,0,28,11
767.2706782431342,0,367,51,67,96,99,0,0,0,0,1593,1980,0,0,27,13
768.2707478920929,0,343,50,67,97,100,0,0,0,0,1593,1980,0,0,33,11
769.2708166399971,0,341,50,67,96,100,0,0,0,0,1593,1980,0,0,30,12
770.2708757231012,0,344,50,67,96,99,0,0,0,0,1593,1980,0,0,31,13
771.2709263609722,0,337,49,67,96,99,0,0,0,0,1593,1980,0,0,26,12
772.2709946432151,0,337,50,66,97,100,0,0,0,0,1593,1980,0,0,26,11
773.2710407269187,0,343,49,68,97,100,0,0,0,0,1593,1980,0,0,26,12
774.2710988312028,0,340,49,67,96,100,0,0,0,0,1593,1980,0,0,26,11
775.2711659469642,0,341,50,67,97,100,0,0,0,0,1593,1980,0,0,32,11
776.2712186379358,0,340,49,67,96,100,0,0,0,0,1593,1980,0,0,27,11
777.2712639500387,0,350,50,67,96,99,0,0,0,0,1593,1980,0,0,27,11
778.2713270909153,0,341,50,68,97,100,0,0,0,0,1593,1980,0,0,29,13
779.2713834089227,0,339,50,66,97,100,0,0,0,0,1593,1980,0,0,25,11
780.2714239321649,0,347,49,67,97,100,0,0,0,0,1593,1980,0,0,31,12
781.2714831097983,0,379,50,67,97,100,0,0,0,0,1593,1980,0,0,28,13
782.2715395870619,0,342,50,67,96,100,0,0,0,0,1593,1980,0,0,25,15
783.2715846011415,0,342,50,67,97,100,0,0,0,0,1593,1980,0,0,61,14
784.2716452782042,0,361,50,66,97,99,0,0,0,0,1593,1980,0,0,27,11
785.2716912291944,0,348,50,67,97,100,0,0,0,0,1593,1980,0,0,28,13
786.2717490978539,0,354,50,67,96,100,0,0,0,0,1593,1980,0,0,26,11
787.2718082568608,0,341,50,67,97,100,0,0,0,0,1593,1980,0,0,30,11
788.2718718140386,0,347,50,67,97,96,0,0,0,0,1593,1980,0,0,27,11
789.2719179480337,0,342,49,66,96,100,0,0,0,0,1593,1980,0,0,27,11
790.271976517979,0,339,49,67,97,100,0,0,0,0,1593,1980,0,0,28,13
791.2720299530774,0,336,49,66,95,99,0,0,0,0,1593,1980,0,0,27,12
792.2720885700546,0,336,50,67,96,99,0,0,0,0,1593,1980,0,0,31,12
793.2721545998938,0,339,49,67,96,100,0,0,0,0,1593,1980,0,0,30,12
794.272218646016,0,344,49,67,96,100,0,0,0,0,1593,1980,0,0,30,14
795.2722698878497,0,347,50,67,96,98,0,0,0,0,1593,1980,0,0,26,11
796.272338271141,0,338,49,67,96,100,0,0,0,0,1593,1980,0,0,29,11
797.2723902831785,0,338,49,66,96,100,0,0,0,0,1593,1980,0,0,25,13
798.2724535358138,0,337,49,66,96,100,0,0,0,0,1593,1980,0,0,27,14
799.2725241407752,0,337,49,67,96,100,0,0,0,0,1593,1980,0,0,27,14
800.2725712382235,0,390,50,67,97,99,0,0,0,0,1593,1980,0,0,26,12
801.2726528439671,0,347,50,67,96,100,0,0,0,0,1593,1980,0,0,27,13
802.2727213879116,0,342,50,68,97,100,0,0,0,0,1593,1980,0,0,33,16
803.2727779289708,0,343,50,67,96,100,0,0,0,0,1593,1980,0,0,28,13
804.2728265621699,0,345,50,67,96,100,0,0,0,0,1593,1980,0,0,25,12
805.2728933929466,0,352,50,66,96,100,0,0,0,0,1593,1980,0,0,24,13
806.2729531619698,0,340,49,68,96,99,0,0,0,0,1593,1980,0,0,61,11
807.2730021458119,0,339,49,67,97,100,0,0,0,0,1593,1980,0,0,26,15
808.2730714702047,0,340,50,67,96,100,0,0,0,0,1593,1980,0,0,25,13
809.2731306077912,0,344,49,67,96,100,0,0,0,0,1593,1980,0,0,26,11
810.2731948019937,0,344,50,66,97,100,0,0,0,0,1593,1980,0,0,31,11
811.2732651447877,0,341,50,67,97,100,0,0,0,0,1593,1980,0,0,25,11
812.2733138189651,0,339,50,67,96,100,0,0,0,0,1593,1980,0,0,27,11
813.2733665388077,0,349,50,67,96,100,0,0,0,0,1593,1980,0,0,31,13
814.2734328052029,0,356,50,66,97,100,0,0,0,0,1593,1980,0,0,25,16
815.2734808581881,0,340,50,66,96,100,0,0,0,0,1593,1980,0,0,27,12
816.2735335151665,0,342,50,66,97,100,0,0,0,0,1593,1980,0,0,29,11
817.273600792978,0,341,50,67,97,100,0,0,0,0,1593,1980,0,0,32,12
818.273663927801,0,354,50,67,97,100,0,0,0,0,1593,1980,0,0,27,14
819.2737146378495,0,343,50,67,96,100,0,0,0,0,1593,1980,0,0,26,11
820.2737860199995,0,355,50,67,97,100,0,0,0,0,1593,1965,0,0,27,12
821.2738328608684,0,348,50,67,97,100,0,0,0,0,1593,1980,0,0,26,11
822.2738925800659,0,342,49,67,96,100,0,0,0,0,1593,1980,0,0,27,14
823.2739595198072,0,339,50,68,96,100,0,0,0,0,1593,1980,0,0,25,13
824.2740259729326,0,350,50,67,96,99,0,0,0,0,1593,1980,0,0,32,12
825.2740789451636,0,346,50,68,96,100,0,0,0,0,1593,1980,0,0,33,11
826.2741452232003,0,339,49,67,96,100,0,0,0,0,1593,1980,0,0,40,13
827.2741986690089,0,340,49,66,96,99,0,0,0,0,1593,1980,0,0,30,13
828.2742491601966,0,341,49,67,96,100,0,0,0,0,1593,1980,0,0,26,11
829.2743175821379,0,338,49,67,96,100,0,0,0,0,1593,1980,0,0,29,13
830.2743778452277,0,339,49,68,96,100,0,0,0,0,1593,1980,0,0,26,11
831.2744256160222,0,341,49,66,96,100,0,0,0,0,1593,1980,0,0,27,11
832.2745205671526,0,342,49,67,96,100,0,0,0,0,1593,1980,0,0,29,12
833.274571634829,0,342,49,67,96,100,0,0,0,0,1593,1980,0,0,30,11
834.2746305190958,0,340,49,67,96,100,0,0,0,0,1593,1980,0,0,27,12
835.2747003380209,0,341,49,67,96,100,0,0,0,0,1593,1980,0,0,27,12
836.2747489241883,0,342,49,67,97,100,0,0,0,0,1593,1980,0,0,28,11
837.2747997799888,0,340,49,67,96,100,0,0,0,0,1593,1980,0,0,31,11
838.2748654880561,0,361,50,67,97,100,0,0,0,0,1593,1980,0,0,32,12
839.2749174800701,0,306,49,66,93,97,0,0,0,0,1593,1980,0,0,26,13
840.2749706581235,0,343,49,67,96,100,0,0,0,0,1593,1980,0,0,29,11
841.2750435289927,0,343,50,67,96,100,0,0,0,0,1593,1980,0,0,25,11
842.2751092188992,0,343,49,67,96,100,0,0,0,0,1593,1980,0,0,27,12
843.2751624798402,0,340,49,66,96,100,0,0,0,0,1593,1980,0,0,31,12
844.2752356082201,0,347,50,67,96,100,0,0,0,0,1593,1980,0,0,44,15
845.2752899997868,0,343,50,67,96,100,0,0,0,0,1593,1980,0,0,27,11
846.2753567770123,0,365,50,67,96,100,0,0,0,0,1593,1980,0,0,26,13
847.2754471949302,0,339,50,67,97,100,0,0,0,0,1593,1980,0,0,26,13
848.2754993927665,0,350,50,67,96,100,0,0,0,0,1593,1980,0,0,31,11
849.2755505521782,0,339,49,67,96,100,0,0,0,0,1593,1980,0,0,30,11
850.2756658969447,0,340,49,66,96,100,0,0,0,0,1593,1980,0,0,25,10
851.2757224170491,0,342,49,66,97,100,0,0,0,0,1593,1980,0,0,28,14
852.275791647844,0,357,49,67,96,100,0,0,0,0,1593,1980,0,0,27,12
853.2758625647984,0,339,49,66,96,99,0,0,0,0,1593,1980,0,0,36,15
854.2759284111671,0,334,49,67,95,98,0,0,0,0,1593,1980,0,0,26,13
855.2759763170034,0,337,49,68,96,99,0,0,0,0,1593,1980,0,0,26,11
856.2760367821902,0,338,49,66,96,99,0,0,0,0,1593,1980,0,0,26,14
857.276078495197,0,338,50,67,96,98,0,0,0,0,1593,1980,0,0,27,11
858.2761307451874,0,343,50,67,97,100,0,0,0,0,1593,1980,0,0,26,11
859.2761913388968,0,337,49,66,96,99,0,0,0,0,1593,1980,0,0,31,12
860.2762330290861,0,339,49,66,96,99,0,0,0,0,1593,1980,0,0,27,12
861.2762749888934,0,341,50,66,97,98,0,0,0,0,1593,1980,0,0,55,11
862.2763336091302,0,338,49,66,96,100,0,0,0,0,1593,1980,0,0,29,12
863.2763761971146,0,337,49,67,96,100,0,0,0,0,1593,1980,0,0,26,14
864.2764168009162,0,339,50,68,97,98,0,0,0,0,1593,1980,0,0,29,12
865.2764764111489,0,337,49,67,96,100,0,0,0,0,1593,1980,0,0,48,19
866.2765285638161,0,335,49,67,96,100,0,0,0,0,1593,1980,0,0,25,11
867.2765739141032,0,340,49,66,96,100,0,0,0,0,1593,1980,0,0,25,12
868.2766364258714,0,339,49,67,96,100,0,0,0,0,1593,1980,0,0,26,14
869.2766792699695,0,338,49,67,97,100,0,0,0,0,1593,1980,0,0,31,11
870.2767392871901,0,338,49,68,96,99,0,0,0,0,1593,1980,0,0,31,11
871.2768049370497,0,337,50,67,96,100,0,0,0,0,1593,1980,0,0,26,14
872.2768562911078,0,374,50,67,97,96,0,0,0,0,1593,1980,0,0,26,11
873.2769076977856,0,341,49,66,97,100,0,0,0,0,1593,1980,0,0,27,11
874.276976224035,0,341,49,66,96,100,0,0,0,0,1593,1980,0,0,25,11
875.2770269061439,0,341,49,66,96,100,0,0,0,0,1593,1980,0,0,28,12
876.2770776231773,0,341,49,66,96,100,0,0,0,0,1593,1980,0,0,31,12
877.2771484451368,0,342,49,66,96,100,0,0,0,0,1593,1980,0,0,31,11
878.277210985776,0,358,50,66,96,98,0,0,0,0,1593,1980,0,0,26,12
879.2772629461251,0,341,50,67,96,100,0,0,0,0,1593,1980,0,0,29,13
880.277337518055,0,340,49,66,96,100,0,0,0,0,1593,1980,0,0,26,12
881.2773935380392,0,339,49,67,96,100,0,0,0,0,1593,1980,0,0,26,11
882.2774566258304,0,342,50,67,96,100,0,0,0,0,1593,1980,0,0,31,11
883.2775278040208,0,341,50,67,96,100,0,0,0,0,1593,1980,0,0,26,11
884.277600300964,0,345,50,67,96,100,0,0,0,0,1593,1980,0,0,31,12
885.2776532839052,0,343,49,66,96,99,0,0,0,0,1593,1980,0,0,25,13
886.2777261119336,0,338,49,66,96,100,0,0,0,0,1593,1980,0,0,27,11
887.2777848411351,0,339,49,65,96,100,0,0,0,0,1593,1980,0,0,25,12
888.2778368820436,0,340,49,66,97,100,0,0,0,0,1593,1980,0,0,30,14
889.2779084760696,0,345,50,67,97,100,0,0,0,0,1593,1980,0,0,26,12
890.2779733869247,0,344,50,67,97,100,0,0,0,0,1593,1980,0,0,26,11
891.2780289608054,0,346,50,67,96,100,0,0,0,0,1593,1980,0,0,27,11
892.27810308896,0,344,49,67,96,100,0,0,0,0,1593,1980,0,0,27,11
893.2781687797979,0,342,49,67,97,100,0,0,0,0,1593,1980,0,0,26,12
894.2782314820215,0,339,55,67,97,100,0,0,0,0,1593,1980,0,0,25,11
895.2782834540121,0,362,49,66,96,100,0,0,0,0,1593,1980,0,0,38,13
896.2783574410714,0,340,49,67,96,99,0,0,0,0,1593,1980,0,0,26,13
897.2784096579999,0,338,50,67,96,98,0,0,0,0,1593,1980,0,0,32,14
898.2784703420475,0,353,50,67,97,100,0,0,0,0,1593,1980,0,0,32,11
899.278540128842,0,342,49,67,97,100,0,0,0,0,1593,1980,0,0,28,11
900.2785902819596,0,344,50,67,97,100,0,0,0,0,1593,1980,0,0,25,11
901.2786546237767,0,343,50,67,96,100,0,0,0,0,1593,1980,0,0,26,13
902.278731952887,0,346,49,67,96,100,0,0,0,0,1593,1980,0,0,26,12
903.2788082510233,0,340,49,67,96,100,0,0,0,0,1593,1980,0,0,32,11
904.2788804438896,0,345,49,67,97,100,0,0,0,0,1593,1980,0,0,26,12
905.2789578991942,0,346,50,67,97,100,0,0,0,0,1593,1980,0,0,26,11
906.2790305828676,0,343,49,67,96,100,0,0,0,0,1593,1980,0,0,27,11
907.2791073918343,0,355,50,67,96,100,0,0,0,0,1593,1980,0,0,27,14
908.2791788941249,0,341,49,67,97,100,0,0,0,0,1593,1980,0,0,65,14
909.2792555661872,0,339,49,66,96,100,0,0,0,0,1593,1980,0,0,38,12
910.2793325982057,0,338,49,67,97,100,0,0,0,0,1593,1980,0,0,26,11
911.2794098882005,0,336,49,67,96,100,0,0,0,0,1593,1980,0,0,29,14
912.2794869551435,0,335,49,66,96,100,0,0,0,0,1593,1980,0,0,29,11
913.2795578408986,0,338,49,66,97,100,0,0,0,0,1593,1980,0,0,32,11
914.2796294079162,0,337,49,66,97,100,0,0,0,0,1593,1980,0,0,26,12
915.2797001982108,0,335,49,66,97,100,0,0,0,0,1593,1980,0,0,27,15
916.2797753368504,0,336,49,66,96,99,0,0,0,0,1593,1980,0,0,26,13
917.2798471841961,0,335,49,66,96,99,0,0,0,0,1593,1980,0,0,26,11
918.2799240541644,0,336,49,66,96,99,0,0,0,0,1593,1980,0,0,26,11
919.2800145489164,0,357,52,66,96,96,0,0,0,0,1593,1965,0,0,32,12
920.2800873080269,0,338,49,67,97,100,0,0,0,0,1593,1980,0,0,30,11
921.280164341908,0,336,49,67,97,100,0,0,0,0,1593,1980,0,0,25,11
922.2802660209127,0,337,50,66,96,99,0,0,0,0,1593,1980,0,0,27,12
923.2803425318561,0,339,49,67,96,100,0,0,0,0,1593,1980,0,0,26,12
924.2804152248427,0,339,49,68,96,100,0,0,0,0,1593,1980,0,0,27,12
925.2804864970967,0,340,49,67,97,100,0,0,0,0,1593,1980,0,0,28,13
926.2805581381544,0,341,49,67,96,100,0,0,0,0,1593,1980,0,0,26,12
927.2806304441765,0,340,49,65,96,100,0,0,0,0,1593,1980,0,0,27,14
928.2807367388159,0,367,49,67,96,100,0,0,0,0,1593,1980,0,0,27,14
929.2808144767769,0,340,49,67,96,100,0,0,0,0,1593,1980,0,0,27,13
930.2808858999051,0,343,51,66,96,99,0,0,0,0,1593,1980,0,0,26,11
931.2809545490891,0,345,49,67,96,100,0,0,0,0,1593,1980,0,0,31,12
932.2810316001996,0,369,50,67,96,100,0,0,0,0,1593,1980,0,0,31,13
933.2811024012044,0,339,49,67,96,100,0,0,0,0,1593,1980,0,0,27,13
934.2811798090115,0,314,49,66,97,100,0,0,0,0,1593,1980,0,0,65,11
935.2812278061174,0,338,49,67,96,100,0,0,0,0,1593,1980,0,0,26,14
936.2812732527964,0,341,49,66,97,100,0,0,0,0,1593,1980,0,0,30,12
937.2813323540613,0,336,49,66,96,100,0,0,0,0,1593,1980,0,0,30,11
938.2813846180215,0,338,49,67,96,100,0,0,0,0,1593,1980,0,0,28,11
939.2814297820441,0,361,51,66,97,99,0,0,0,0,1593,1980,0,0,31,12
940.2814888260327,0,339,49,66,96,100,0,0,0,0,1593,1980,0,0,27,11
941.281530242879,0,348,49,67,96,100,0,0,0,0,1593,1980,0,0,26,11
942.2815965381451,0,338,49,67,96,100,0,0,0,0,1593,1980,0,0,27,11
943.2816670602188,0,343,50,66,97,100,0,0,0,0,1593,1980,0,0,28,11
944.2817382630892,0,342,50,66,96,100,0,0,0,0,1593,1980,0,0,29,12
945.2818013061769,0,350,50,67,96,100,0,0,0,0,1593,1980,0,0,26,13
946.2818680261262,0,368,50,67,97,100,0,0,0,0,1593,1980,0,0,27,13
947.2819299688563,0,367,50,67,96,100,0,0,0,0,1593,1980,0,0,26,14
948.2819956429303,0,345,50,67,96,100,0,0,0,0,1593,1980,0,0,31,12
949.2820577849634,0,344,49,67,96,100,0,0,0,0,1593,1980,0,0,32,11
950.2821234981529,0,358,49,67,97,100,0,0,0,0,1593,1980,0,0,26,11
951.282194795087,0,343,49,67,97,100,0,0,0,0,1593,1980,0,0,31,11
952.2822567890398,0,341,49,66,96,100,0,0,0,0,1593,1980,0,0,27,14
953.2823297241703,0,340,49,66,96,100,0,0,0,0,1593,1980,0,0,32,12
954.2823968362063,0,336,49,66,96,99,0,0,0,0,1593,1980,0,0,27,11
955.2824733061716,0,334,49,66,96,99,0,0,0,0,1593,1980,0,0,73,11
956.2825240460224,0,332,49,68,96,100,0,0,0,0,1593,1980,0,0,26,12
957.2825853871182,0,334,52,67,96,100,0,0,0,0,1593,1980,0,0,46,11
958.2826604689471,0,386,50,66,96,99,0,0,0,0,1593,1965,0,0,25,11
959.2827290301211,0,336,49,66,96,100,0,0,0,0,1593,1980,0,0,27,11
960.2827976248227,0,338,49,67,96,99,0,0,0,0,1593,1980,0,0,30,11
961.2828754051588,0,336,49,66,96,100,0,0,0,0,1593,1980,0,0,31,13
962.2829446829855,0,335,49,66,96,99,0,0,0,0,1593,1980,0,0,32,12
963.2830155040137,0,346,49,67,96,99,0,0,0,0,1593,1980,0,0,29,11
964.2830632249825,0,340,49,66,96,100,0,0,0,0,1593,1980,0,0,28,13
965.2831240771338,0,341,49,66,97,100,0,0,0,0,1593,1980,0,0,31,12
966.2831895099953,0,344,49,67,97,100,0,0,0,0,1593,1980,0,0,30,12
967.2832607198507,0,341,49,67,97,100,0,0,0,0,1593,1980,0,0,28,13
968.2833359618671,0,342,49,67,97,100,0,0,0,0,1593,1980,0,0,33,12
969.2834105761722,0,353,50,68,96,96,0,0,0,0,1593,1965,0,0,25,11
970.283479752019,0,338,49,66,97,100,0,0,0,0,1593,1980,0,0,24,11
971.2835500789806,0,360,50,67,96,99,0,0,0,0,1593,1980,0,0,55,11
972.2836258090101,0,341,52,66,96,100,0,0,0,0,1593,1980,0,0,54,11
973.2837018938735,0,373,49,67,97,100,0,0,0,0,1593,1980,0,0,26,15
974.2837919448502,0,341,49,66,96,100,0,0,0,0,1593,1980,0,0,32,11
975.2838621940464,0,341,49,66,97,100,0,0,0,0,1593,1980,0,0,28,12
976.2839375459589,0,368,50,66,97,95,0,0,0,0,1593,1965,0,0,31,11
977.2840074477717,0,338,49,65,96,100,0,0,0,0,1593,1980,0,0,26,11
978.2840779251419,0,338,49,66,96,100,0,0,0,0,1593,1980,0,0,26,11
979.2841469268315,0,339,49,67,97,100,0,0,0,0,1593,1980,0,0,28,11
980.2842157860287,0,342,49,68,97,100,0,0,0,0,1593,1980,0,0,30,11
981.2842848878354,0,341,49,66,97,100,0,0,0,0,1593,1980,0,0,31,11
982.2843545610085,0,339,49,66,97,100,0,0,0,0,1593,1980,0,0,29,11
983.2844013217837,0,338,49,67,97,100,0,0,0,0,1593,1980,0,0,31,12
984.2844492639415,0,335,49,66,97,100,0,0,0,0,1593,1980,0,0,26,14
985.2845193808898,0,332,49,65,97,100,0,0,0,0,1593,1980,0,0,33,12
986.2845823788084,0,331,49,67,97,100,0,0,0,0,1593,1980,0,0,28,12
987.2846305170096,0,332,49,66,97,100,0,0,0,0,1593,1980,0,0,28,15
988.2847075657919,0,331,48,66,97,100,0,0,0,0,1593,1980,0,0,27,12
989.2847844921052,0,328,48,66,97,100,0,0,0,0,1593,1980,0,0,25,14
990.2848624568433,0,325,48,66,98,100,0,0,0,0,1593,1980,0,0,26,14
991.2849394981749,0,328,48,66,98,100,0,0,0,0,1593,1980,0,0,28,11
992.2850166270509,0,323,48,66,98,100,0,0,0,0,1593,1980,0,0,27,11
993.285105262883,0,322,48,66,98,100,0,0,0,0,1593,1980,0,0,27,11
994.2851810920984,0,323,48,66,98,100,0,0,0,0,1593,1980,0,0,31,12
995.28525493294,0,317,48,66,98,100,0,0,0,0,1593,1980,0,0,28,12
996.2853315169923,0,317,48,67,98,100,0,0,0,0,1593,1980,0,0,28,11
997.2854082919657,0,318,48,66,98,100,0,0,0,0,1593,1980,0,0,32,11
998.2854817961343,0,318,48,66,98,100,0,0,0,0,1593,1980,0,0,31,11
999.2855596928857,0,175,43,60,0,0,0,0,0,0,1593,1980,0,0,0,1
1000.2856349060312,0,120,42,59,0,0,0,0,0,0,1593,1980,0,0,0,0
1001.28569138702,0,120,42,58,0,0,0,0,0,0,1593,1980,0,0,0,1
1002.2857621461153,0,119,41,58,0,0,0,0,0,0,1593,1980,0,0,0,0
1003.2858255640604,0,119,41,58,0,0,0,0,0,0,1593,1980,0,0,0,0
1004.2858906420879,0,119,41,58,0,0,0,0,0,0,1593,1980,0,0,0,0
1005.2859558509663,0,119,41,57,0,0,0,0,0,0,1593,1980,0,0,0,0
1006.2860230631195,0,119,41,57,0,0,0,0,0,0,1593,1980,0,0,0,0
1007.2860745848157,0,119,41,57,0,0,0,0,0,0,1593,1980,0,0,0,0
1008.2861399310641,0,119,41,57,0,0,0,0,0,0,1593,1980,0,0,0,0
1009.2862048610114,0,119,41,57,0,0,0,0,0,0,1593,1980,0,0,0,0
1010.2862634579651,0,119,41,57,0,0,0,0,0,0,1593,1980,0,0,0,1
1011.2863489068113,0,119,41,57,0,0,0,0,0,0,1593,1980,0,0,4,0
1012.286424303893,0,119,41,57,0,0,0,0,0,0,1593,1980,0,0,0,1
1013.2865038649179,0,119,41,57,0,0,0,0,0,0,1593,1980,0,0,2,2
1014.2865764559247,0,119,41,57,0,0,0,0,0,0,1593,1980,0,0,0,0
